Name,Type,Coding?,Paid?,What's it Look Like?,Designer/Author,Foundry,License,home page,other,code repository,wikipedia,googleFonts,listed in,freely (libre) available,available at no cost,available at a cost,Description,Notes,Tags,Other Data
1403 Vintage Mono,LINE PRINTER,,$,https://1403.slantedhall.com/,Jeff Kellem,,,https://1403.slantedhall.com/,,,,,,,,https://1403.slantedhall.com/,"A practical monospaced typeface, inspired by the IBM 1403
mainframe line printer from the 1960s.
","small caps, no lower case","classic line printer font, ibm line printer",
3270font,BITMAP,,,https://github.com/rbanffy/3270font,Ricardo Bánffy,,similar to 3-clause BSD,,,https://github.com/rbanffy/3270font,,,,,,,"This font is derived from the x3270 font, which, in turn, was
translated from the one in Georgia Tech's 3270tool, which was
itself hand-copied from a 3270 series terminal. I built it
because I felt terminals deserve to be pretty.
",,"ibm 3270, mainframe, terminal, coding-focused, vectorized terminal font",
64-SRC,,,$,https://www.myfonts.com/collections/64-src-font-ilott-type,Andrew Bellamy,ILOTT TYPE,,,,,,,,,,https://www.myfonts.com/fonts/ilott-type/64-src/,"64-SRC is a condensed monospace font inspired by 1960s IBM
Selectric type seen on HAL’s telemetric displays in 2001: A
Space Odyssey. It is characterized by unique \double-space\""
alternates for the widest characters such as “w” and “m”. These
alternates maximize legibility, improve the rhythm of
readability and keep typographic color even. As a result 64-SRC
is as well suited for extensive copy as it is display type.
",,"ibm, selectric, classic typewriter font","{""similar to"":""orator"",""listed in"":[""http://luc.devroye.org/fonts-87939.html""]}"
Adobe Courier Bitmap Fonts,BITMAP,,,,,,https://gitlab.freedesktop.org/xorg/font/adobe-75dpi/blob/master/COPYING,,,"https://gitlab.freedesktop.org/xorg/font/adobe-75dpi
https://gitlab.freedesktop.org/xorg/font/adobe-100dpi",,,,,,,,,"bitmap, implementation of Courier",
Adore Mono,,,,https://www.fontshop.com/families/adore-mono,,GarageFonts,,,,,,,,,,https://www.fontshop.com/families/adore-mono,,,,
Agave,,,,https://github.com/blobject/agave,Type Agaric,,MIT,,,https://github.com/agarick/agave,,,,,,,"Agave was an attempt at making a small, monospace, outline font
that would be geometrically regular and simple. The endeavor was
motivated by a deep adoration of old-school console bitmap
fonts, of Consolas, of Pragmata Pro, as well as a novice
curiosity for typographical design.
",,coding-focused,
Ahamono Monospaced,,,$,https://www.behance.net/gallery/19532783/AhamonoMonospaced,Alfredo Marco Pradil,Hanken Design Co.,,https://www.behance.net/gallery/19532783/AhamonoMonospaced,,,,,https://desket.co/blogs/news/50-free-fonts-for-minimalist-design,,,http://www.myfonts.com/fonts/hanken-designco/ahamono/,"Ahamono™ is a rounded monospaced typeface
",,,
Akkurat Mono,,,$,https://lineto.com/typefaces/akkurat-mono,,Lineto,,https://lineto.com/typefaces/akkurat-mono/,,,,,,,,https://lineto.com/typefaces/akkurat-mono/,"Fifteen years after its first release, Laurenz Brunner’s now
famous LL Akkurat (2004) appears almost humble. With its static
construction, it has proven that combining the qualities of
classic sans-serif craft with a new contemporaneity can be a
sustainable endeavour. Never attempting to be trendy, elegant or
fashionable, LL Akkurat aspired to embody qualities such as
technical precision, down-to-earth robustness, reliability and
neutrality, reflecting certain values generally associated with
Switzerland.
",,,
"Alto Mono (bitmap, damieng)",BITMAP,CODING,,https://damieng.com/blog/2008/08/25/the-xerox-alto-mono-spaced-font-rises-again/,,,,https://damieng.com/blog/2008/08/25/the-xerox-alto-mono-spaced-font-rises-again,,,,,,,,,,,,
"Alto Mono (outline, Thiemich)",,,$,https://www.typeby.com/fonts/alto-mono,,Thiemich,,,,,,,,,,https://www.typeby.com/fonts/alto-mono,,,,
Amiri Typewriter,,,,https://github.com/aliftype/amiri-typewriter,Khaled Hosny,Alif Type,SIL OFL 1.1,,,https://github.com/alif-type/amiri-typewriter,,,,,,,"Amiri Typewriter is a typewriter companion to Amiri font family.
The design is inspired inspired by old Arabic typewriters, and
features a very simplified Arabic design with most letters using
the one shape for both isolated and final forms, and one shape
for initial and medial forms (with few exceptions).
",,,"{""language/script"":""Arabic""}"
Andalé Mono,,,$,,Steve Matteson,Monotype,"[""https://www.fonts.com/content/microsoft-typography"",""bundled with Windows""]",https://docs.microsoft.com/en-us/typography/font-list/andale-mono,,,https://en.wikipedia.org/wiki/Andal%C3%A9_Mono,,,,,https://www.myfonts.com/fonts/mti/andale-mono/,"Andale Mono is a highly legible monospaced font designed with
the needs of terminal emulation and software development
environments.
","Has a non-monospace sibling called Andalé Sans.

Originally distributed with Internet Explorer 4.0 as Monotype.com; renamed Andale Mono for IE 5 and 6.

Included in Core fonts for the Web.

Bundled with macOS.

Sold by the Ascender Corporation with bold and italic variants supporting WGL.

Also sold by Monotype.",,
Andale Teletext,,,$,https://www.myfonts.com/collections/andale-teletext-font-monotype-imaging,,,,,,,,,,,,,,,,
Angelus III,,,$,,David Nalle,Scriptorium,,,,,,,,,,https://www.myfonts.com/fonts/scriptorium/angelus-iii/,"Angelus is a rather different monospaced font. Unlike an earlier
version this one has full upper and lowercase characters.
",,novelty,"{""listed in"":[""http://www.cfcl.com/vlb/h/fontmono.html""]}"
Anka/Coder,,,,https://usemodify.com/fonts/anka-coder/,Adolfo Jayme-Barrientos,,SIL OFL 1.1,https://code.google.com/p/anka-coder-fonts/,,https://github.com/fitojb/anka-coder-fonts,,,,https://fontlibrary.org/en/font/anka-coder,,,"The Anka/Coder family is a monospaced, courier-width (60% of
height; em size 2048x1229) font that contains characters from
437, 866, 1251, 1252 and some other code pages and can be used
for source code, terminal windows etc.
",,coding-focused,
Anka/Coder Condensed,,,,,Adolfo Jayme-Barrientos,,SIL OFL 1.1,https://code.google.com/p/anka-coder-fonts/,,https://github.com/fitojb/anka-coder-fonts,,,,https://fontlibrary.org/en/font/anka-coder-condensed,,,"The Anka/Coder family is a monospaced, courier-width (60% of
height; em size 2048x1229) font that contains characters from
437, 866, 1251, 1252 and some other code pages and can be used
for source code, terminal windows etc.
",,coding-focused,
Anka/Coder Narrow,,,,,Adolfo Jayme-Barrientos,,SIL OFL 1.1,https://code.google.com/p/anka-coder-fonts/,,https://github.com/fitojb/anka-coder-fonts,,,,https://fontlibrary.org/en/font/anka-coder-narrow,,,"The Anka/Coder family is a monospaced, courier-width (60% of
height; em size 2048x1229) font that contains characters from
437, 866, 1251, 1252 and some other code pages and can be used
for source code, terminal windows etc.
",,coding-focused,
Anomaly Mono,,,,https://github.com/benbusby/anomaly-mono,Ben Busby,,SIL OFL 1.1,,,https://github.com/benbusby/anomaly-mono,,,,,,,,,,
Anonymous Pro,,,,https://www.marksimonson.com/fonts/view/anonymous-pro,Mark Simonson,,SIL OFL 1.1,https://www.marksimonson.com/fonts/view/anonymous-pro,,,,https://fonts.google.com/specimen/Anonymous+Pro,,,http://www.fontsquirrel.com/fonts/Anonymous-Pro,,"Anonymous Pro (2009) is a family of four fixed-width fonts
designed with coding in mind.
",Alternate version Anonymous Pro Minus does not contain embedded bitmaps at smaller sizes.,coding-focused,
Another Man's Treasure,,,,https://www.kreativekorp.com/software/fonts/trs80/,Rebecca Bettencourt,,TBD,http://www.kreativekorp.com/software/fonts/trs80.shtml,,,,,,,,,"The world's most complete TRS-80 text font set, in TrueType
format.
",bitmap font,free,
Aperçu Mono,,,$,https://www.colophon-foundry.org/typefaces/apercu/,,Colophon,,https://www.colophon-foundry.org/typefaces/apercu/,,,,,,,,https://www.colophon-foundry.org/typefaces/apercu/,"Aperçu was started in December 2009, and was trialled & tested
throughout a number of design commissions into 2010. The conceit
behind Aperçu was to create a synopsis or amalgamation of
classic realist typefaces: Johnston, Gill Sans, Neuzeit &
Franklin Gothic. Becoming, a sum of parts, building upon its
initial reference points to create an extensive and usable
family.
",,,
APL2741,,,,https://abrudz.github.io/APL2741/,Adrian Smith,,PUBLIC DOMAIN,http://apl385.com/fonts/,http://www.dyalog.com/apl-font-keyboard.htm,,,,,,,,"Historic interest only. This was hand digitised as a PostScript
Type-3 font from an original 2741 golf-ball salvaged from an IBM
selectric typewriter. Looks good on paper, but poor on screen as
it is lightweight and italic. The hinting is rudimentary and
even with ClearType it is hard to read!
",,,
APL385 Unicode,COMIC SANS,,,,Adrian Smith,,PUBLIC DOMAIN,http://apl385.com/fonts/,,,,,,,,,"Developed with all APL software vendors in the late 1980s and
enhanced as required with new characters to meet interpreter
updates.
","This is Adrian Smith\'s Unicode APL font, a de facto industry standard.

Also available in a proportional version called APL333.","coding-focused, quirky",
APL386 Unicode,,,,https://abrudz.github.io/APL386/,,,THE UNLICENSE,https://abrudz.github.io/APL386/,,https://github.com/abrudz/APL386,,,,,,,,,,
APLX Upright,,,,,,,TBD,https://www.dyalog.com/aplx.htm,http://www.microapl.co.uk/download/aplx_unicode.ttf,,,,,,,,TBD,Distributed with end-of-lifed product APLX.,,
Archive Mono,,,$,https://www.colophon-foundry.org/typefaces/archive/,,Colphon,,https://www.colophon-foundry.org/typefaces/archive/,,,,,,,,https://www.colophon-foundry.org/typefaces/archive/,,,,
Arial Monospaced,,,$,https://www.fonts.com/font/monotype/arial/monospaced,"[""Robin Nicholas"",""Patricia Saunders""]",Monotype,,,,,,,,,,https://www.myfonts.com/fonts/mti/arial-monospaced-mt/,,,monospace variant of a proportional font,
Ascender Sans Mono,,,$,,Steve Matteson,Ascender,,,,,,,,,,https://www.myfonts.com/fonts/ascender/ascender-sans-mono/,"The Ascender Sans Mono font family was designed by Steve
Matteson as an innovative, refreshing sans serif design that is
metrically compatible with Courier New.  Ascender Sans Mono
offers improved on-screen readability characteristics and the
pan-European WGL character set.
",,,
ASM,,,$,https://extratype.com/fonts/asm,,Extratype f/k/a Textaxis,,,,,,,,,,https://www.myfonts.com/fonts/textaxis/asm/,,,paid,
Atari ST,BITMAP,,,,,BSD 3-CLAUSE REV,,,,https://github.com/ntwk/atarist-font,,,,,,,,,,based on http://www.modelb.bbcmicro.com/retro-fonts.html
Atlas Typewriter,,,$,https://commercialtype.com/catalog/atlas_typewriter,,Commercial Type,,https://commercialtype.com/catalog/atlas/atlas_typewriter,,,,,,,,https://commercialtype.com/catalog/atlas/atlas_typewriter,"Atlas Typewriter is a distinctive monospaced sans, well suited
for a wide range of uses, from art catalogues to personal
correspondence, through to data visualization. Rather than
hewing closely to the model of existing monospaced typefaces,
Atlas Typewriter aims for an even, readable texture with the
same clean and effortless tone as the Grotesk.
",,,
Audimat Mono,,,,https://www.fontsquirrel.com/fonts/audimat-mono,Jack Usine,SMeltery,,https://www.smeltery.net/en/fonts/dead,,,,,,,https://www.fontsquirrel.com/fonts/audimat-mono,,,no longer available from the official site,,
Aurulent Sans Mono,,,,,"Stephen G. Hartke, designer of Verily Serif Mono",,,,,,,,,,https://www.fontsquirrel.com/fonts/aurulent-sans-mono; https://www.dafont.com/aurulent-sans-mono.font,,,,coding focused,
Autocode,,,$,https://www.fontspring.com/fonts/aviation-partners/autocode,,AVP,,,,,,,,,,https://www.myfonts.com/fonts/aviation/autocode/,,,,
Autoscape,,,$,https://lineto.com/typefaces/autoscape,,Lineto,,https://lineto.com/typefaces/autoscape,,,,,,,,https://lineto.com/typefaces/autoscape,,,,
Average Mono,,,,https://fontlibrary.org/en/font/average-mono,Richard Alexander Hall,,Bitstream Vera License,,,,,,,https://fontlibrary.org/en/font/average-mono,,,"Average Mono is an average of thirteen different fonts which are
all derivatives of the public domain “Courier” typeface.
",,"open source, implementation of Courier","{""clone of"":""Courier""}"
Azaret Mono,,,,https://fonts.google.com/specimen/Azeret+Mono,,,,,,,,,,,,,,,,
B612 Mono,,,,https://b612-font.com/,"Nicolas Chauveau, Thomas Paillot, Jonathan Favre-Lamarine",intactile DESIGN on behalf of Airbus,"Eclipse Public License v2.0, Eclipse Distribution License v1.0, and SIL Open Font License v1.1",http://b612-font.com/,,https://github.com/polarsys/b612,,,,,,,"B612 is an highly legible open source font family designed and
tested to be used on aircraft cockpit screens.
",,,
Base Monospace Narrow and Wide,,n,$,https://www.emigre.com/Fonts/Base-Monospace,Zuzana Licko,Emigre,,https://www.emigre.com/Fonts/Base-Monospace,,,,,,,,$39 for each weight; packages from $115 to $170,,,,
Basier Mono,,,,https://www.atipofoundry.com/fonts/basier-mono,,Atipo,,http://atipofoundry.com/fonts/basier-mono,,https://github.com/example/xyzmono,,,,,,regular weight free; pay what you want for complete family,,,,
Basis Grotesque Mono,,,$,https://www.colophon-foundry.org/typefaces/basis-grotesque/,,Colophon,,https://www.colophon-foundry.org/typefaces/basis-grotesque/,,,,,,,,GBP 340 for complete mono family,,,,
Bedstead,,,,https://bjh21.me.uk/bedstead/,Ben Harris,,public domain,https://bjh21.me.uk/bedstead/,,,,,,,,,"Bedstead is a family of outline fonts based on the characters
produced by the Mullard SAA5050 series of Teletext Character
Generators. The SAA5050 is familiar to those of a certain age as
the chip that produced the MODE 7 display on the BBC
Microcomputer. It generates characters from a 5 × 9 pixel
matrix, smoothing diagonal lines to produce an interlaced 10 ×
18 matrix for each character. Bedstead extends that algorithm to
continuity, converting a 5 × 9 pixel grid into an outline with
smooth diagonals.
",,,
BigBlue Terminal,,,,https://int10h.org/blog/2015/12/bigblue-terminal-oldschool-fixed-width-font/,,,CC Attribution-ShareAlike 4.0 license,https://int10h.org/blog/2015/12/bigblue-terminal-oldschool-fixed-width-font/,,,,,,,,,"BigBlue Terminal is a monospaced pixel font, designed for use
in fixed-width textual environments (consoles/terminals,
text/code/hex editors and so on).  It follows the metrics and
dimensions of Windows' old Terminal font (at the 9pt/12px size),
but the appearance is closer to the classic IBM PC text mode
character sets.
",,,"{""author"":""VileR""}"
Bino Mono,,,,,Neal Fletcher,,,https://www.behance.net/gallery/2120022/Bino-Typeface,,,,,,,,,"Bino is a monospaced typeface consisting of uppercase,
lowercase, numerals, punctuation and diacritic characters.  With
a combination of curves and slanted cuts I wanted the typeface
to be both a regimented monospaced font with that slightly
decorative feel.
",,display,
Bitstream Courier Type 1,COURIER,,,,,,https://gitlab.freedesktop.org/xorg/font/bitstream-type1/-/blob/master/Copyright,https://gitlab.freedesktop.org/xorg/font/bitstream-type1,,https://gitlab.freedesktop.org/xorg/font/bitstream-type1,,,,,,,,,,
Bitstream Pica 10 Pitch,CLASSIC,,$,,,Bitstream,,,,,,,,,,http://www.myfonts.com/fonts/bitstream/pica-10-pitch/,,,classic traditional typewriter font,
Bitstream Vera Sans Mono,DEJA VU,CODING,,,,Bitstream,,,,,,,,https://download.gnome.org/sources/ttf-bitstream-vera/1.10/,,,"Bitstream Vera Sans Mono is the basis of numerous open source
fonts, the first and most popular of which is Deja Vu Sans Mono.
",,"monospace variant of a proportional font, coding-focused",
Bizcat,,,,https://robey.lag.net/2020/02/09/bizcat-bitmap-font.html,Robey Pointer,,https://creativecommons.org/licenses/by/4.0/,https://robey.lag.net/2020/02/09/bizcat-bitmap-font.html,,,,,,,,,"Bizcat is a retro 8x16 bitmap font, intended for hobby computers
or terminals that use a 640x480 graphics mode, like the Linux
VGA console. It supports most of Latin-9 and box-drawing glyphs.
",,bitmap,
Bmono,,,,https://github.com/NNBnh/bmono,NNBnh,,OFL,,,https://github.com/NNBnh/bmono,,,,,,,custom build of Iosevka,,,
Borg Sans Mono,,,,https://github.com/marnen/borg-sans-mono,Marnen Laibow-Koser,,Apache License 2.0 https://github.com/marnen/borg-sans-mono/blob/master/LICENSE,,,https://github.com/marnen/borg-sans-mono,,,,,,,"Borg Sans Mono is a fork of Droid Sans Mono, adding a slashed
zero and ligatures à la Hasklig.
",,"fork of Droid Sans Mono, ligatures, coding-focused",
BPMono,,,,https://backpacker.gr/fonts/5,,Backpacker,,https://backpacker.gr/fonts/5,,,,,,,https://www.fontsquirrel.com/fonts/BPmono,,"A monospaced typeface suitable for technical texts and/or
programming. BPmono and BPmono Bold are manually hinted from 9px
to 16px making it appropriate for use in various advanced text
and programming editors (eg. Visual Studio .net, Visual Web
Developer, MS Word etc). All three fonts are available in TTF
format.
",,coding-focused,
BPtypewrite,,,,https://backpacker.gr/fonts/10,,Backpacker,,https://backpacker.gr/fonts/10,,,,,,,,,"Didn't you just love BPmono italics? Well, it has undergone
through a transformation process and has eventually been
reformed into an actual typewriter font. BPtypewrite is in fact
BPmono italics standing up, with new soft edges, and a whole
system of supporting fonts including underscored, strikethrough
and slashed. The italics version remains in all variations,
while a rough alternate complements the whole set
(BPtypewriteDamaged).
",,,
Bradford Mono,,,$,https://lineto.com/typefaces/bradford-mono,,Lineto,,https://lineto.com/typefaces/bradford-mono,,,,,,,,y,,,,
Brass Mono,,,,https://github.com/fonsecapeter/brass_mono,Peter Fonseca,,OFL,,,https://github.com/fonsecapeter/brass_mono,,,,,,,,,,
Bront (font tweaks),,,,,Chris Wendt,,"[""https://github.com/chrismwendt/bront/blob/master/DejaVuSansMono-LICENSE.txt"",""https://github.com/chrismwendt/bront/blob/master/UbuntuMono-LICENSE.txt""]",,,https://github.com/chrismwendt/bront,,,,,,,,"Programming-oriented forks of Deja Vu Sans Mono and Ubuntu Mono
","open source, coding-focused",
Brutalist Mono,DEJA VU,,,https://github.com/BRUTALISM/Brutalist,Vladimir Mitrovi{'c} aka BRUTALISM,,Bitstream Vera license,,,https://github.com/BRUTALISM/Brutalist,,,,,,,,A tweaked version of Deja Vu Sans Mono,,
BSU Kermit,,,,,,,,,,,,,http://www.lowing.org/fonts/,,,,,,,"{""old URLs"":[""http://nova.bsuvc.bsu.edu/prn/monofont/bsuk.html"",""http://home.datacomm.ch/privmsg/havoc/mircscript.htm""]}"
Calling Code,,,$,https://dharmatype.com/calling-code,,Dharma Type,,https://dharmatype.com/calling-code,,,,,,,,https://catalog.monotype.com/family/dharma-type/calling-code; https://fonts.adobe.com/fonts/calling-code,,,,
Camingo Code,,,$,,Jan Fromm,,,http://www.janfromm.de/typefaces/camingomono/camingocode/,,,,,,,,https://www.myfonts.com/fonts/jan-fromm/camingo-code/,,,coding-focused,
Cascadia Code,,CODING,,https://github.com/microsoft/cascadia-code,,,SIL OFL 1.1,,,https://github.com/microsoft/cascadia-code,,,,,,,"This is a fun, new monospaced font that includes programming
ligatures and is designed to enhance the modern look and feel of
the Windows Terminal.
",,"ligatures, coding-focused",
Centima Mono,,,$,,Ramiz Guseynov,TipografiaRamis,,http://www.tipografiaramis.com/centima-mono.html,,,,,,,,https://www.myfonts.com/fonts/tipografiaramis/centima-mono/,,,,"{""see also"":[""Decima Mono""]}"
Century Schoolbook Monospace,,,,,,,,https://catalog.monotype.com/font/bitstream/century-schoolbook/monospaced,,https://github.com/zhenruyan/codefont/tree/master/lib/centschbook-mono,,,http://www.lowing.org/fonts/,,,,,,monospace variant of a proportional font,
Circular Mono,,,,,,Lineto,,https://lineto.com/typefaces/circular-mono,,,,,,,,,,,paid,
CMU Typewriter,CLASSIC-LIKE,,,,Donald Knuth,,,https://cm-unicode.sourceforge.io/,,,,,,https://fontlibrary.org/en/font/cmu-typewriter,,,,,"free, implementation of Computer Modern Typewriter Text","{""see also"":[""Latin Modern Mono""]}"
Code New Roman,,,,,imsamhj (Sam),,,https://sourceforge.net/projects/codenewroman/,,,,,,,,,,,"open source, fork of Ubuntu Mono, coding-focused","{""fork of"":""Ubuntu Mono""}"
Code Saver,,,,,,Dharma Type,,https://catalog.monotype.com/family/dharma-type/code-saver,,,,,,,,,,,,
Codename Coder 4F,,,$,,,,,,,,,,,,,https://www.myfonts.com/fonts/4thfebruary/codename-coder-4f/,,,,
Coding Font Tobi,,,,,Tobias Werner,,,https://proggyfonts.net/coding-font-tobi/,,https://github.com/chrissimpkins/codeface/tree/master/fonts/coding-font-tobi,,,,,,,,,"free, coding-focused",
Codo Mono,,,$,,,Colt Type Co,,https://creativemarket.com/wearecolt/6324664-Codo-Mono-Modern-Monospace-Typeface?u=wearecolt&utm_source=Link&utm_medium=CM+Social+Share&utm_campaign=Product+Social+Share&utm_content=Codo+Mono+Modern+Monospace+Typeface&ts=202107,,,,,,,,,,,,
Colón Mono,,,$,,,TipografiaRamis,,http://www.youworkforthem.com/font/T4920/colon-mono,,,,,,,,http://www.youworkforthem.com/font/T4920/colon-mono,,,paid,
Comic Mono,COMIC SANS,CODING,,https://dtinth.github.io/comic-mono-font/,,,,https://dtinth.github.io/comic-mono-font/,,https://github.com/dtinth/comic-mono-font,,,,,,,,,,
Comic Shaans,COMIC SANS,CODING,,,Shannon Miwa,,,,,https://github.com/shannpersand/comic-shanns,,,,,,,,,,
Compagnon,,,,,,OFL,,https://fontsarena.com/compagnon-by-velvetyne-type-foundry/,,,,,,,,,,,free,
Compagnon Medium,,,,,,OFL,,,,,,,,https://fontsarena.com/compagnon-by-velvetyne-type-foundry/,,,,,,
Computer Modern Typewriter,CLASSIC-LIKE,,,,Donald Knuth,,,,,,https://en.wikipedia.org/wiki/Computer_Modern,,,,,,,"Computer Modern was Donald Knuth\'s original name for his family
of typefaces, including this monospace variant.  As a condition
of his license, derivative works can not be called \""Computer
Modern\"".  Popular modern implementations of Computer Modern
include:

- the CMU distribution (for Computer Modern Unicode);

- the PostScript Type 1 versions generated by Blue Sky, Inc. and
donated to the American Mathematical Society; and

- Latin Modern.
",,
Concursico Mono BTN,,,$,,Stuart Sandler,Breaking the Norm,,,,,,,,,,https://www.myfonts.com/fonts/btn/concursico-mono-btn/,,,paid,
ConsolaMono,,,,,wmk69 (wmk69@o2.pl),,,,,,,,,https://fontlibrary.org/en/font/consolamono,,,,,"open source, coding-focused",
Consolas,,CODING,,,Luc(as) de Groot,Microsoft,,https://www.microsoft.com/typography/fonts/family.aspx?FID=300,,,https://en.wikipedia.org/wiki/Consolas,,,,,,,,"paid, coding-focused","Luc(as) de Groot, designer of TheSansTypewriter and TheSansMono"
Corbi Mono,,,,https://fontlibrary.org/en/font/corbi-mono-s,,,,,,,,,,https://fontlibrary.org/en/font/corbi-mono-s,,,,Libertinus Mono with a slashed zero by default.,,
Cosmic Sans Neue Mono,,,,https://github.com/gregkh/cosmic-sans-neue,,,,,,,,,,,,,,,"open source, coding-focused","{""now known as"":""Fantasque Sans Mono""}"
Courier,COURIER,,,,"Howard ""Bud"" Kettler",,,,,,https://en.wikipedia.org/wiki/Courier_(typeface),,,,,,,"Courier was commissioned by IBM to become a standard typewriter
font for the typewriter industry.  As such, IBM deliberately did
not seek intellectual property protection for it; it is royalty
free.

Implementations not specifically listed here include:
- Adobe\'s bitmap version for X11
- Microsoft\'s bitmap version for Windows
- Linotype\'s square terminal version
- Monotype\'s square terminal version
- Adobe\'s square terminal version

Since its release in 1956, Courier has become favored for
screenplays and business correspondence, and a version of
Courier is bundled with virtually all modern computer operating
systems.
",royalty free,
Courier,COURIER,,,,,Paratype,,,,,,,,,,,,,,
Courier 10 Pitch BT,COURIER,,,,,Bitstream,,http://www.rolandstroud.com/Fonts-1.html,,,,,,,,,,"thicker; rounded terminals
","free, implementation of Courier",
EF Courier B,COURIER,,,,,Elsner + Flake,,,,,,,,,,,,,,
Courier Code,COURIER,CODING,,,,Bitstream,,,,,,,,http://openfontlibrary.org/en/font/courier-code,,,,,coding-focused,
Courier Final Draft,COURIER,,,,,,,,,,,,,,https://finaldraft.app.box.com/s/8c5nx8bkyxpfxl9jsv41bsqif9rt5b58,,,,"free, implementation of Courier","{""software"":""from Final Draft""}"
Courier Line Draw,COURIER,,,,,Monotype,,,,,,,,,,,,,,
Courier M,COURIER,,,,,,,,,,,,,,,http://www.youworkforthem.com/font/T1491/courier-m,,,,
Courier MM Screenwriter,COURIER,,,,,,,,,,,,,,,,,,implementation of Courier,"{""software"":""from Movie Magic Screenwriter""}"
Courier New,COURIER,,,,,Monotype,,https://docs.microsoft.com/en-us/typography/font-list/courier-new,,,,,,,,,,,"paid, implementation of Courier",
Courier Prime,COURIER,,,https://quoteunquoteapps.com/courierprime/,,,,https://quoteunquoteapps.com/courierprime/,,,,,,,,,,,"open source, implementation of Courier",
Courier Prime Code,COURIER,CODING,,https://quoteunquoteapps.com/courierprime/,,,,https://quoteunquoteapps.com/courierprime/,,,,,,,,,,,"open source, implementation of Courier, sort of, coding-focused",
Courier Prime Sans,COURIER,,,https://quoteunquoteapps.com/courierprime/,,,,https://quoteunquoteapps.com/courierprime/,,,,,,,,,,,"open source, implementation of Courier, sort of",
Courier PS,COURIER,,,,,Monotype,,,,,,,,,,,,,,
Courier Sans Mono,COURIER,,,https://lineto.com/typefaces/courier-sans-mono,,Lineto,,https://lineto.com/typefaces/courier-sans-mono,,,,,,,,,,,paid,
Courier SB,COURIER,,$,,,Scangraphic,,,,,,,,,,https://www.myfonts.com/fonts/efscangraphic/courier-sb/,,"rounded terminals
",paid,
Courier Screenplay,COURIER,,,,,,,www.rolandstroudacom/Fonts-1.html,,,,,,,,,,,"free, implementation of Courier","{""software"":""from FadeIn""}"
Courier Standard,COURIER,,,,,,,,,,,,,,,,,,implementation of Courier,"{""bundled with"":""Adobe Reader 6""}"
Cousine,,,,,Steve Matteson,,,,,http://www.google.com/fonts/specimen/Cousine,,,,http://openfontlibrary.org/en/font/cousine,http://www.fontsquirrel.com/fonts/cousine,,,"Cousine is part of the collection of fonts known as the Chrome
OS core fonts, or Croscore fonts.

Cousine is also included in Google\'s noto-fonts repository on
GitHub.
","open source, coding-focused",
Cozette,BITMAP,,,,,,,,,https://github.com/slavfox/Cozette,,,,,,,,,bitmap,"{""via"":[""https://www.reddit.com/r/unixporn/comments/f4cb7f/oc_i_wanted_a_small_bitmap_font_with_powerline/""]}"
CP Mono,,,,,Chris Simpkins,,,,,https://github.com/chrissimpkins/codeface/tree/master/fonts/cp-mono,,,,,,,,,"open source, coding-focused",
CP1250 Terminal Fonts,,,,,,,,,,,,,http://www.lowing.org/fonts/,,,,,,,
Creep,,,,,Romeo Van Snick,,,,,https://github.com/romeovs/creep,,,,,,,,,open source,
Creep2,,,,,,,,,,https://github.com/raymond-w-ko/creep2,,,,,,,,,,
Proggy Crisp,,,,https://proggyfonts.net/crisp/,Chris Pine,,,https://proggyfonts.net/crisp/,,,,,,,,,,,free,"{""not to be confused with"":""https://www.ffonts.net/Crisp.font""}"
Crystal,,,,,,,,,,,,,http://www.lowing.org/fonts/,,,,,,,
Cubiculum,,,$,,Johan Winge,,,,,,,,,,,https://www.myfonts.com/fonts/johan-winge/cubiculum/,,,paid,
Cumberland,,,$,,,Monotype,,https://catalog.monotype.com/family/monotype/cumberland,,,,,,,,3/31/2023,,,,
Cutive Mono,,,,,Vernon Adams,,,http://sansoxygen.com/,,https://github.com/vernnobile/CutiveFont,,https://fonts.google.com/specimen/Cutive+Mono,,,,,,,free,
D2 Coding,,,,,Naver Corp.,,,,,https://github.com/naver/d2codingfont,,,,,,,,,"open source, coding-focused","{""language/script"":""Korean""}"
DaddyTimeMono,,,,https://github.com/BourgeoisBear/DaddyTimeMono,Jason Stewart,,,,,https://github.com/BourgeoisBear/DaddyTimeMono,,,,,,,,,"open source, coding-focused",
Dank Mono,,,$,,,,,https://philpl.gumroad.com/l/dank-mono,,,,,,,,https://philpl.gumroad.com/l/dank-mono,,,"paid, script italic, ligatures",
Dark Courier,,,,,,,,"http://www.rolandstroud.com/Fonts-1.html
ftp://ftp.hp.com/pub/printers/software/lj611en.exe",,,,,,,,,,,implementation of Courier,
DEC Terminal,,,,,,,,"https://gitlab.freedesktop.org/xorg/font/bitstream-75dpi
https://gitlab.freedesktop.org/xorg/font/bitstream-100dpi",,,,,,,,,,"Fonts used on DECstation/VAXstation hardware
",bitmap,
DEC Terminal Modern,,,,,"Dan Mecklenburg, Jr.",,,https://goblin.strangled.net/,,https://github.com/codewar65,,,,,https://www.dafont.com/dec-terminal-modern.font,,,"Based on the font on the DEC VT220.
",,"{""old urls"":[""http://www.vtxemu.com/download.html""]}"
DEC VT330,,,,,,,,,,,,,,,,,,"A collection of .pcf fonts available on HP systems and/or VMS
Referenced in https://www.itec.suny.edu/scsys/vms/ovmsdoc073/v73/6470/6470pro_004.html
Filenames are as follows, in case you can find them:
-   VT33018.PCF
-   VT33036.PCF
-   VT330_BOLD18.PCF
-   VT330_BOLD36.PCF
-   VT330_BOLD_DBLWIDE18.PCF
-   VT330_BOLD_NARROW18.PCF
-   VT330_BOLD_NARROW36.PCF
-   VT330_BOLD_WIDE18.PCF
-   VT330_DBLWIDE18.PCF
-   VT330_NARROW18.PCF
-   VT330_NARROW36.PCF
-   VT330_WIDE18.PCF
",,
Decima Mono,,,$,,Ramiz Guseynov,TipografiaRamis,,"http://www.tipografiaramis.com/decima-mono.html
http://www.tipografiaramis.com/decima-mono-pro.html
http://www.tipografiaramis.com/decima-mono-round.html",,,,,,,,https://www.myfonts.com/fonts/tipografiaramis/decima-mono/,,"font used on fivethirtyeight.com
",,"{""see also"":[""Centima Mono""]}"
Deferral,,,,,Brian Bruggeman,,,,,https://github.com/brianbruggeman/Deferral,,,,,,,,a square monospace font,,
Deja Vu Sans Code,DEJA VU,,,,,,,,,https://github.com/SSNikolaevich/DejaVuSansCode,,,,,,,,"Adds programming ligatures.
","open source, fork of Bitstream Vera / Deja Vu Sans Mono, ligatures, coding-focused",
Deja Vu Sans Mono,DEJA VU,,,,,,,"http://dejavu-fonts.org/wiki/Main_Page
https://dejavu-fonts.github.io/",,,https://en.wikipedia.org/wiki/Deja Vu_fonts,,,,,,,"Deja Vu Sans Mono is the granddaddy of all Bitstream Vera Sans
Mono forks, adding a wider range of characters atop Bitstream\'s
original.
","open source, coding-focused, monospace variant of a proportional font","{""fork of"":""Bitstream Vera Sans Mono""}"
DeluxeFont,BITMAP,,,,,,,http://zone38.net/font/,,,,,,,,,,,,
DF Staple Mono,,,$,,Ko Sliggers,Dutchfonts,,,,,,,,,,https://www.myfonts.com/fonts/dutchfonts/df-staple-mono/,,,"paid, cute",
DIN Monospace,,,$,,,Parachute Fonts,,https://www.parachutefonts.com/typefaces/allfonts/din-monospace,,,,,,,,€49.00 per weight; €395.00 complete family,,,,
DIN Mono Pro,,,$,,,Parachute Fonts,,https://www.parachutefonts.com/typefaces/allfonts/din-mono-pro,,,,,,,,€65.00 per weight; €585.00 complete family,,,,
Dina,BITMAP,,,,Jørgen Ibsen,,,"https://www.donationcoder.com/Software/Jibz/Dina/
http://www.dcmembers.com/jibsen/download/61/",,,,,,,,,,,free,
Disket Mono,,,,,Mariano Diez; Denis Ignatov,,free for personal and commercial use,https://www.webdesignbites.com/2020/05/05/disket-mono-free-font/,,,,,https://www.reddit.com/r/fonts/comments/ge3eyh/disket_mono_free_font/,,,,,,display,
Dispatch Mono,,,,,Cyrus Highsmith,Occupant Fonts,,https://store.typenetwork.com/foundry/occupant/series/dispatch,,,,,,,,,,,paid,
DM Mono,,,,,,Colophon,,,,https://github.com/googlefonts/dm-mono,,https://fonts.google.com/specimen/DM+Mono,,,,,,,,
Doire,,,$,,Michael Everson,Evertype,,,,,,,http://www.cfcl.com/vlb/h/fontmono.html,,,https://www.myfonts.com/fonts/everson/doire/,,,"paid, unreadable, novelty",
Dossier,,,$,,"William Dwiggins, Toshi Omagari",Tabular Type Foundry,,,,,,,,,,https://www.myfonts.com/fonts/tabular-type-foundry/dossier/,,,"novelty, quirky",
DPCustomMono2,,,,,,,,https://www.pgdp.net/wiki/DPCustomMono2_Font,,,,,http://www.lowing.org/fonts/,,,,,"DPCustomMono2 is used for proofreading.
",,
DP Sans Mono,,,,,,,,https://www.pgdp.net/wiki/DP_Sans_Mono,,,,,,,,,,,,
Drafting Mono,,,,,Owen Earl,Indestructible Type,,https://indestructibletype.com/Drafting/,,,,,,,,,,,,
Droid Sans Mono,,,,,Steve Matteson,Ascender,,http://damieng.com/blog/2007/11/14/droid-sans-mono-great-coding-font,,,https://en.wikipedia.org/wiki/Droid_fonts,https://fonts.google.com/specimen/Droid+Sans+Mono,,,,,,,open source,"{""see also"":""Noto Mono""}"
Droid Sans Mono Slashed/Dotted,,,,,,,,http://www.cosmix.org/software/,,,,,,,,,,,,
Droid Sans Mono ZeroMod,,,,,,,,,,https://github.com/AlbertoDorado/droid-sans-mono-zeromod,,,,,,,,"Two variants, one with a dotted zero, and one with a slashed zero.
",,
DSE Typewriter,CLASSIC,CODING,,,Darren Embry,,SIL OFL 1.1,https://webonastick.com/fonts/dse-typewriter/,,https://github.com/dse/dse-typewriter-font,,,,,,,"A pre-war typewriter styled font you can use for coding.
",,"coding focused, classic traditional typewriter font","{""author"":""Darren Embry (the author of this list!)""}"
EB Jessica,,,$,,Erik Bertell,,,,,,,,,,,https://www.myfonts.com/fonts/erik-bertell/eb-jessica/,,,"paid, novelty",
Eco Coding,,,$,,,,,,,,,,,,,https://www.myfonts.com/fonts/s-core/eco-coding/,"Eco Coding is a sans-serif monospaced font, especially designed
for programmers. This font is optimized for programming (coding)
environment. Eco Coding's neutral and open shapes will make your
eyes comfortable to read any source codes and text on
screen. The appearance of Eco Coding is neutral, but it has
distinctive shapes enhance legibility and readability on screen.
",,,
Edlo,,,,,Eric Hamiter,,SIL OFL 1.1,,,https://github.com/ehamiter/Edlo,,,,,,,,"fork of Aurulent Sans, with programmer-friendly fixes to
distinguish certain characters.
",open source,
EF Cash,,,$,https://www.fonts4ever.com/product_info.php?products_id=901,"G""unther Flake",Elsner+Flake,,,,,,,,,,https://www.fontshop.com/families/ef-cash,,,,
EF Techno Script,CLASSIC,,$,https://www.fonts4ever.com/product_info.php?products_id=3162,,Elsner+Flake,,,,,,,,,,https://www.myfonts.com/fonts/ef/techno-script-ef/,,,"paid, classic traditional typewriter font",
Effects Eighty,PRINTER,,,,Peter Hull,,,,,,,,,https://fontlibrary.org/en/font/effects-eighty,,,,,"open source, dot matrix",
Electronic Font Open Laboratory,,,,,,,,http://openlab.ring.gr.jp/efont/index.html.en,,,,,http://www.lowing.org/fonts/,,,,,,,
Envy Code R,,CODING,,,Damien Guard,,,http://damieng.com/blog/2007/08/19/envy-code-r-preview-6-released-with-visual-studio-italics,https://damieng.com/blog/2008/05/26/envy-code-r-preview-7-coding-font-released,,,,,,,,,,"free to use only, coding-focused",
EnvyPN,,,,,,,,,,https://github.com/Tecate/bitmap-fonts/tree/master/bitmap/envypn-font,,,,,,,,,,
Erica Type,,,,,Peter Wiegel,,,http://www.peter-wiegel.de/ErikaType.html,,,,,,,https://www.dafont.com/erika-type.font,,,,"free, classic traditional typewriter font",
Espresso Mono,,,,,,,,http://theoveranalyzed.net/2015/8/31/espressoapp-and-hack-a-typeface-designed-for-source-code,,https://github.com/jmazzi/dotfiles/blob/master/.fonts/EspressoMonoRegular.ttf,,,,,,,,,"fork of Bitstream Vera Sans Mono, coding-focused","{""see also"":""Hack""}"
Everson Mono,,,,https://www.evertype.com/emono/,,Evertype,,https://www.evertype.com/emono/,,,,,http://www.cfcl.com/vlb/h/fontmono.html,,,,,,free,
Excalibur Monospace,,,,,,,,,,,,,http://www.cfcl.com/vlb/h/fontmono.html,,,,,,,
Excellent,,,,,,Lineto,,https://lineto.com/typefaces/excellent,,,,,,,,,,,paid,
F25 Bank Printer,,,,,Volker Busse,F25 Digital Typeface Design,free for personal use,http://www.f25.cc/index.php?F25_Fonts:Monospaced:F25_Bank_Printer,,,,,,,,,,,,"{""via"":[""https://fontsarena.com/blog/free-modern-typewriter-fonts/""]}"
F25 Cella,,,,,Volker Busse,F25 Digital Typeface Design,free for personal use,http://www.f25.cc/index.php?F25_Fonts:Monospaced:F25_Cella,,,,,,,,,,,distressed,"{""via"":[""https://fontsarena.com/blog/free-modern-typewriter-fonts/""]}"
F25 Typewriter Condensed,,,,,Volker Busse,F25 Digital Typeface Design,free for personal use,http://www.f25.cc/index.php?F25_Fonts:Monospaced:F25_Typewriter_Condensed,,,,,,,,,,,,
F25 Blackletter Typewriter,,,,,Volker Busse,F25 Digital Typeface Design,free for personal use,http://www.f25.cc/index.php?F25_Fonts:Monospaced:F25_Blackletter_Typewriter,,,,,,,,,,,,
F25 Telegraphem,,,,,Volker Busse,F25 Digital Typeface Design,unknown,http://www.f25.cc/index.php?F25_Fonts:Monospaced:F25_Telegraphem,,,,,,,,,,,,"{""availability"":""unknown""}"
F25 Artisan12,,,,,Volker Busse,F25 Digital Typeface Design,free for personal use,http://www.f25.cc/index.php?F25_Fonts:Monospaced:F25_Artisan12,,,,,,,,,,,,
F25 DaisyWheel,,,,,Volker Busse,F25 Digital Typeface Design,free for personal use,http://www.f25.cc/index.php?F25_Fonts:Monospaced:F25_DaisyWheel,,,,,,,,,,,,
Fabrikat Mono,,,$,,Hannes von Döhren; Christoph Koeberlin,HVD Fonts,,https://www.hvdfonts.com/fonts/fabrikat-mono,,,,,,,,https://www.myfonts.com/fonts/hvdfonts/fabrikat-mono/,,,paid,
Fairfax,,,,,Rebecca Bettencourt,,,http://www.kreativekorp.com/software/fonts/fairfax.shtml,,,,,,,,,,,free,
Fairfax HD,,,,,Rebecca Bettencourt,,,http://www.kreativekorp.com/software/fonts/fairfaxhd.shtml,,,,,,,,,,,free,
Fairfax Serif,,,,,Rebecca Bettencourt,,,http://www.kreativekorp.com/software/fonts/fairfax.shtml,,,,,,,,,,,free,
Fakt Mono,,,$,,,,,https://www.typeby.com/fonts/fakt-mono,,,,,,,,https://www.typeby.com/fonts/fakt-mono,,,,
Fantasque Sans Mono,,CODING,,,Jany Belluz,,,,,https://github.com/belluzj/fantasque-sans,,,,https://fontlibrary.org/en/font/fantasque-sans-mono,,,,,"open source, if you like Comic Sans, ligatures",
Feggolite Mono,,,,,,,,,,,,,http://www.cfcl.com/vlb/h/fontmono.html,,,,,,,
Felt Pen,,,,,,,,,,,,,http://www.cfcl.com/vlb/h/fontmono.html,,,,,,,
FF Attribute Mono,,,,,,FontFont,,https://catalog.monotype.com/family/fontfont/ff-attribute-mono,,,,,,,,,,,,
FF Elementa,,,$,,Mindaugas Strockis,FontFont,,,,,,,,,,https://www.myfonts.com/fonts/fontfont/elementa-pro/,,,paid,
FF Fago Monospaced,,,$,,Ole Schäfer,FontFont,,,,,,,,,,https://www.myfonts.com/fonts/fontfont/fago-monospace/,,,paid,
FF Gateway,,,,,"Stephan M{""u}ller",FontFont,,,,,,,,,,https://www.fontshop.com/families/ff-gateway,,,,
FF Magda Clean Mono,,,$,,Cornel Windlin,FontFont,,,,,,,,,,https://www.myfonts.com/fonts/fontfont/ff-magda-clean-mono/,,,paid,
FF Nexus Typewriter,,,$,,Martin Majoor,FontFont,,,,,,,,,,https://www.myfonts.com/fonts/fontfont/nexus-typewriter/,,,paid,
FF Trixie,,,$,,Erik van Blokland,FontFont,,,,,,,,,,https://www.myfonts.com/fonts/fontfont/ff-trixie/,"The grand-daddy of all grunge/distressed typewriter faces.  See also GNUTypewriter.
",,paid,
FF Typestar OCR,,,,,Steffen Sauerteig,FontFont,,,,,,,,,,https://www.fontshop.com/families/ff-typestar-ocr,,,,
Fifteen,,,,,Zeimusu,,,,,,,,,https://fontlibrary.org/en/font/fifteen,,,,,"open source, dot matrix, coding-focused","{""see also"":""Quinze""}"
Fira Code,,,,,,,,,,https://github.com/tonsky/FiraCode,,,,,,,,"adds ligatures to Fira Mono
","open source, ligatures, coding-focused",
Fira Cousine,,,,,Mac Duy Hai,,GPL3,,,https://github.com/macduy/FiraCousine,,,,,,,,adds ligatures to Cousine,,
Fira Mono,,,,,,,,"https://www.mozilla.org/en-US/styleguide/products/firefox-os/typeface
http://www.google.com/fonts/specimen/Fira+Mono",,,,,,,http://www.fontsquirrel.com/fonts/fira-mono,,,,"open source, coding-focused",
Misc Fixed,,,,,,,,https://gitlab.freedesktop.org/xorg/font/misc-misc,,,,,,,,,,,bitmap,
Misc Fixed 6x13,,,,,,,,http://underpop.online.fr/l/linux-console-fonts-for-windows-in-ttf-and-fon/,,https://github.com/staberas/project-singularity/blob/master/%20project-singularity/Project%20Singularity%20GL/data/Misc-Fixed.ttf,,,,,,,,"TTF fonts.

For 6x13, regular and bold bitmaps, and an honest to goodness vector font.
","coding-focused, bitmap",
"Misc Fixed 6x13, 7x14, 9x15, 10x20",,,,,,,,https://monkey.org/~marius/beautiful-fixed-width-fonts-for-osx.html,,,,,,,,,,"`.dfont` files for macOS née OSX.
","coding-focused, bitmap",
Fixedsys,,,,,,,,http://www.moviecorner.de/en/font-fixedsys-ttf/description.html,,,https://en.wikipedia.org/wiki/Fixedsys,,,,,,,,bitmap,
Fixedsys Excelsior,,,,,,,,http://www.fixedsysexcelsior.com/,,,,,,,,,,,bitmap,
Fixedsys Excelsior with Ligatures,,,,,,,,,,https://github.com/kika/fixedsys,,,,,,,,,"ligatures, bitmap",
Flexi IBM VGA,,,,,,,,https://int10h.org/blog/2018/05/flexi-ibm-vga-scalable-truetype-font/,,,,,,,,,,,,"{""author"":""VileR""}"
FreeMono,,,,,,,,https://www.gnu.org/software/freefont/,,,,,,,,,,"FreeMono is part of the GNU FreeFont collection, also known as Free UCS Outline Fonts",implementation of Courier,"{""clone of"":""Courier""}"
Galexica Mono (novelty),,,,,,,,http://www.identifont.com/show?9A6,,,,,http://www.cfcl.com/vlb/h/fontmono.html,,,,,,novelty,
Gallant,BITMAP,,,,,,,,,,,,,,,,,,,
Gemeli Mono,,,$,,,Production Type,,https://www.productiontype.com/family/gemeli_mono,,,,,,,,https://fonts.adobe.com/fonts/gemeli-mono,,,,
Generic Mono,,,,,,,,"http://programmingfonts.org/post/107484861287/generic-mono-a-generic-monospaced-font
http://luc.devroye.org/fonts-75172.html",,,,,,,,,,,,
Glass TTY VT220,TERMINAL,,,,,,,"http://svo.2.staticpublic.s3-website-us-east-1.amazonaws.com/glasstty/
http://sensi.org/~svo/glasstty/",,,,,,,,,,"Based on the font on the DEC VT220.
",,
Glovis,,,$,,,,,,,,,,,,,https://www.myfonts.com/fonts/nonpareille/glovis/,,,,
GNUTypewriter,,,,,,,,,,,,,,https://fontlibrary.org/en/font/gnutypewriter,,,A freely available grunge typewriter font.  You need no other grunge fonts than this and FF Trixie.,,distressed,
Gohu,,,,,,,,"http://font.gohu.org/
https://github.com/zhenruyan/codefont/tree/master/lib/gohu/koemaeda",,,,,,,,,,,bitmap,
Go Mono,,,,,,,,https://blog.golang.org/go-fonts,,,,,,,,,,,coding-focused,
Google Sans Mono,,CODING,,,,,https://fonts.google.com/license/googlerestricted,,,,,,,,,,,,,
Greenwood Pro,,,$,,,,,,,,,,,,,https://www.myfonts.com/fonts/protimient/greenwood/,,,,
GNU Unifont,BITMAP,,,,,,,http://unifoundry.com/unifont.html,,,https://en.wikipedia.org/wiki/GNU_Unifont,,,,,,,,coding-focused,
Grid15,,,,,Joshua Krämer,,,https://kraemer.link/fonts/en/Grid15.html,,,,,,,,,,not available yet?,coding focused,
GT Alpina Typewriter,,,$,,Reto Moser,Grilli Type,,https://www.grillitype.com/typeface/gt-alpina,,,,,,,,https://www.grillitype.com/shops/gt-alpina,"GT Alpina proudly calls itself a workhorse serif, but delights
in playing with the very meaning of that concept. It reaches
into the grab bag of typographic history to resurrect shapes
some may falsely see as too expressive, resulting in a
meticulous family melding these distinct shapes with a pragmatic
execution.
",,,
GT America Mono,,,,,,,,https://www.grillitype.com/typeface/gt-america,,,,,,,,,,,paid,
GT Pressura Mono,,,,,,,,https://www.grillitype.com/typeface/gt-pressura,,,,,,,,,,,paid,
GwdTE 437,,,,,,,,,,,,,http://www.lowing.org/fonts/,,,,,,,
Hack,DEJA VU,CODING,,,,,,,,https://github.com/chrissimpkins/Hack,,,,,,,,,"fork of Bitstream Vera / Deja Vu Sans Mono, coding-focused","{""fork of"":""Deja Vu Sans Mono""}"
Hasklig,,CODING,,,,,,,,https://github.com/i-tu/Hasklig,,,,,,,,,"ligatures, coding-focused","{""fork of"":""Source Code Pro, with ligatures""}"
Haskplex,,CODING,,,IBM,,,,,https://github.com/huytd/haskplex-font,,,,,,,,,coding-focused,"{""based on"":""Hasklig and IBM Plex Mono.  It is just Hasklig regular and IBM Plex Mono italic.""}"
Heimat Mono,,,$,,Atlas Font Foundry,,,http://www.atlasfonts.com/typefaces/heimat-mono/,,,,,,,,https://www.myfonts.com/fonts/atlas-font-foundry/heimat-mono/; https://fonts.adobe.com/fonts/heimat-mono,,,,
Helvetica Monospaced,,,$,,,,,,,,,,,,,https://www.myfonts.com/fonts/linotype/helvetica-monospaced/,,,monospace variant of a proportional font,
Hera Mono,,,,,Irfan Ali,,SIL OFL 1.1,https://github.com/sayyadirfanali/Hera,,https://github.com/sayyadirfanali/Hera,,,,https://github.com/sayyadirfanali/Hera,,,A customized hybrid of Source Code Pro and Fira Mono,,,
Hermit,,,,,,,SIL OFL 1.1,https://pcaro.es/p/hermit/,,https://github.com/pcaro90/hermit,,,,,,,"Hermit is a monospace font designed to be clear, pragmatic and
very readable. Its creation has been focused on
programming. Every glyph was carefully planned and calculated,
according to defined principles and rules. For this reason,
Hermit is coherent and regular.
",,coding-focused,"{""author"":""Pablo Caro""}"
Hyperfont,,,,,,,,,,,https://en.wikipedia.org/wiki/HyperFont,,http://www.lowing.org/fonts/,,,,,,,
iA Writer Duospace,,,,,,iA,SIL OFL 1.1,https://ia.net/writer/blog/a-typographic-christmas,,https://github.com/iaolo/iA-Fonts,,,,,,,,,,
iA Writer Mono,,,,,,iA,SIL OFL 1.1,https://ia.net/writer/blog/a-typographic-christmas,,https://github.com/iaolo/iA-Fonts,,,,,,,,,,
IBM Courier,,,,,,,https://github.com/dse/ibm-courier/blob/master/COPYRIGHT,https://gitlab.freedesktop.org/xorg/font/ibm-type1,,https://github.com/dse/ibm-courier,,,,,,,"IBM's digital implementation of Courier, originally made
available as a PostScript Type 1 font under a permissive license
with MIT and the X Consortium.

Conversions to TrueType, OpenType, SVG, WOFF, and WOFF2 are
provided.
",,implementation of Courier,
IBM Fonts,,,,,,,,https://farsil.github.io/ibmfonts/,,,,,,,,,"A collection of monospaced, bitmap fonts in BDF format that
origin from IBM text mode and system fonts. They include
extended latin, greek, cyrillic and hebrew scripts and several
extra characters, for a total of 782 glyphs each. The fonts are
in BDF 2.1 format and fully compatible with applications that
make use of either Xft or XLFD.
",,,
IBM Plex Mono,,CODING,,,,,SIL OFL 1.1,https://www.ibm.com/plex/,,https://github.com/IBM/plex,,https://fonts.google.com/specimen/IBM+Plex+Mono,,,,,,,coding focused,
Illusion,,,,,Tomohiro Matsushima,,,,,https://github.com/tomonic-x/Illusion,,,,,,,,,,
Inconsolata,,CODING,,,,,SIL OFL 1.1,http://levien.com/type/myfonts/inconsolata.html,,https://github.com/google/fonts/tree/master/ofl/inconsolata,,https://fonts.google.com/specimen/Inconsolata,,,,,,,coding-focused,
Inconsolata-LGC,,,,,,,,,,https://github.com/DeLaGuardo/Inconsolata-LGC,,,,,,,,,coding-focused,"Inconsolata-LGC (adds cyrillics, bold, and italic)"
Inconsolata-dz,,,,,,,,https://www.pronoy.in/2017/01/07/inconsolata-dz-adds-straight-quote-marks-to-inconsolata/,,,,,,,,,,,coding-focused,Inconsolata-dz (adds straight quotes)
Inconsolata-g,,,,,,,,http://leonardo-m.livejournal.com/77079.html,,,,,,,,,,,coding-focused,Inconsolata-g (adds dotted zero to Inconsolata-dz)
Inconsolata Hellenic,,,,,,,,http://www.cosmix.org/software/,,https://github.com/cosmix/Inconsolata-Hellenic,,,,,,,,,,
Ingrid Mono,,,$,,Jörg Schmitt,,,,,,,,,,,https://www.myfonts.com/fonts/jorg-schmitt/ingrid-mono/,,,,
Input Mono,,,,,David Jonathan Ross,Font Bureau,"[""free of charge for private use; priced for public-facing use"",""https://input.fontbureau.com/download/""]",http://input.fontbureau.com/,,,,,,,,,,,coding-focused,
Intel One Mono,,CODING,,,,,SIL OFL 1.1,,,https://github.com/intel/intel-one-mono,,,,,,,,,coding-focused,line printer vibes
Intimo,,,,,,,,,,,,,,,,,,,,
Intimo Two,,,$,,,,,,,,,,,,,https://www.myfonts.com/fonts/fw-alias/intimo/two/,,,,
Iosevka,,CODING,,,,,,https://be5invis.github.io/Iosevka/,,https://github.com/be5invis/Iosevka,,,,,,,,,"ligatures, coding-focused",
Iosevka Slab,,CODING,,,,,,https://be5invis.github.io/Iosevka/,,https://github.com/be5invis/Iosevka,,,,,,,,,,
Italian Typewriter,,,$,,,,,,,,,,,,,https://www.myfonts.com/fonts/flanker/italian-typewriter/,,,classic,
ITC Souvenir Monospaced,,,$,,,,,,,,,,,,,"https://www.myfonts.com/fonts/linotype/itc-souvenir-monospaced/
https://www.myfonts.com/fonts/itc/souvenir-monospaced/",,,monospace variant of a proportional font,
JetBrains Mono,,CODING,,,,,,https://www.jetbrains.com/lp/mono/,,https://github.com/JetBrains/JetBrainsMono,,,,,,,,,"free, ligatures",
JetJane Mono,,,,,,,,,,,,,http://www.cfcl.com/vlb/h/fontmono.html,,,,,,,
Julia Mono,,,,,,,,https://juliamono.netlify.app/,,,,,,,,,"JuliaMono is a monospaced typeface designed for programming in
the Julia Programming Language and in other text editing
environments that require a wide range of specialist and
technical Unicode characters. It was intended as an experiment
to be presented at the 2020 JuliaCon conference in Lisbon,
Portugal (which of course was held online instead).
",,,"{""author"":""cormullion""}"
jxyahei,,,,,,,,,,,,,https://github.com/zhenruyan/codefont/blob/master/readme_en.md,,,,,,,
Karen,,,,,Ryuichi Ito,,Ubuntu Font License and OFL,,,https://github.com/amaya382/karen,,,,,,,,,,
Karben 105 Mono,,,,,Talbot Type,,,https://www.talbottype.co.uk/typefaces/karben-105-mono/,,,,,,,,,,,,
Karben 205 Mono,,,,,Talbot Type,,,https://www.talbottype.co.uk/typefaces/karben-205-mono/,,,,,,,,,,,,
Kawkab Mono,,,,,Abdullah Arif,,OFL,,,https://github.com/aiaf/kawkab-mono,,,,https://fontlibrary.org/en/font/kawkab-mono,,,,,,
Kepler-452b,,,,,Sam Murphey,,OFL,,,https://github.com/weirdoonthebus/Kepler,,,,,,,,,vectrex font vibe,
Kettler,,,$,,,,,https://processtypefoundry.com/fonts/kettler/,,,,,,,,https://processtypefoundry.com/fonts/kettler/purchase-options,"Kettler is a simple monospaced font named in tribute to designer
Howard ‘Bud’ Kettler, whose ubiquitous Courier is found on
computers everywhere. A subtle blend of utilitarian slabs serifs
and modern curves, Kettler is ideal for tabular information but
is also comfortable in display and headline use.
",,,
Klartext Mono,,,,,,,,http://www.fontswithlove.com/fwl/klartext-mono-fontfamily,,,,,,,https://www.fontsquirrel.com/fonts/klartext-mono,,,,,
Knif Mono,,,,,Axel Pelletanche-Thévenart,,,,https://fontsinuse.com/typefaces/44598/knif-mono,,,,,,,,,,,
Kolibri,,,,,,,,,,,,,,,,,,,,
KongText,,,,,,,,http://zone38.net/font/,,,,,,,,,,,,
KP Monospaced,,,,https://tug.org/FontCatalogue/kpmonospaced/,,,,https://www.ctan.org/tex-archive/fonts/kpfonts/,,,,,,,,,"The KP Fonts family contains text fonts in roman, sans-serif and monospaced shapes, with true small caps and math. Look at the page of KP Serif for all of the fonts.  KP Serif: KP Fonts Serif family of fonts is based on the URW Palladio fonts as a starting point, but all the glyphs have been redesigned. The mathematics fonts include all the AMS fonts, in both normal and bold weights.",,,
Lab Mono,,,,,,,SIL OFL 1.1,,,https://github.com/hatsumatsu/Lab-Mono,,,,,,,,,,
Larabiefont,,,,,,,,"http://typodermicfonts.com/larabiefont/
http://www.larabiefonts.com/",,,,,http://www.cfcl.com/vlb/h/fontmono.html,,,,,,,
Latin Modern Mono,CLASSIC-LIKE,,,,Donald Knuth,,,http://www.gust.org.pl/gust/projects/e-foundry/latin-modern,,,,,,,https://www.fontsquirrel.com/fonts/latin-modern-mono,,,,"free, implementation of Computer Modern Typewriter Text","{""see also"":[""CMU Typewriter""]}"
Lavender,TERMINAL,,,,Luiz de Milon,,SIL OFL 1.1,,,https://github.com/kori/lavender-font,,,,,,,"This is a console font that is heavily inspired by Sun Gallant
Demi and the XNU console font.
",,"coding focused, bitmap font",
League Mono,,,,,,,,https://www.theleagueofmoveabletype.com/league-mono,,https://github.com/theleagueof/league-mono,,,,,,,,,coding-focused,
Lekton,,,,,,,,http://www.google.com/fonts/specimen/Lekton,,,,,,,http://www.fontsquirrel.com/fonts/lekton,,,,,
Less Perfect DOS VGA,,,,,,,,http://laemeur.sdf.org/fonts/,,,,,,,,,,,,
Letter Gothic,CLASSIC,,$,,,,,,,,,,,,,https://fonts.adobe.com/fonts/letter-gothic,,,classic typewriter font,
QT Letter Goth,,,,https://tug.org/FontCatalogue/qtlettergoth/,,Qualitype,dual licensed: SIL OFL 1.1; GNU GPL 2.0,https://www.ctan.org/tex-archive/fonts/qualitype/,,,,,,,,,,,,
Letter Gothic (CTAN),,,,https://tug.org/FontCatalogue/lettergothic/,,URW,Aladdin Free Public License,https://www.ctan.org/tex-archive/fonts/urw/lettergothic/,,,,,,,,,,,,
LetterGothicCode,,,,,James X. McIntosh,,,,,https://github.com/jamesxmcintosh/LetterGothicCode,,,,,,,Modified version of URW Letter Gothic with coding friendly features,,,
Lettera Mono,,,,,,Lineto,,https://lineto.com/typefaces/lettera-mono,,,,,,,,,,,paid,
LH Mono Slab,,,,,,,,https://coliss.com/articles/freebies/freebies-font-by-lufthamn-studio.html,,,,,,,,,,,,
Liberation Mono,,,,,,,,https://fedorahosted.org/liberation-fonts/,,,,,,,https://www.fontsquirrel.com/fonts/liberation-mono,,,,,
Linefeed,,,$,,,,,https://typodermicfonts.com/linefeed/,,,,,,,,http://www.myfonts.com/fonts/typodermic/linefeed/,"Linefeed is a monospaced font inspired by computer band printers
of the 1960s and 1970s. A row of hammers, one for each column
hit the paper, pushing it into the ribbon and against the
character image on a continuously revolving steel
band. Extraneous characters would have slowed down a band
printer so most were limited to capitals, numerals and a little
punctuation. This was one of the most common computer fonts of
the 1960s and 1970s. It could be seen on driver’s licences,
magazine subscription labels, report cards, invoices and car
dealership window stickers. This once ubiquitous typeface now
includes lowercase letters, more punctuation and accents.
",,"paid, chainprinter",
Linux Console Fonts for Windows,,,,,,,,http://web.archive.org/web/20110830193159/http://www.ank.com.ar/fonts/,,,,,,,,,,,,
Linux Libertine Mono,,,,,,,,http://www.linuxlibertine.org/,,,,,,https://fontlibrary.org/en/font/linux-libertine,,,,,,
LispM,,,,,,,,,,https://github.com/unjordy/LispM-Font,,,,,,,,,,
Lotion,,,,,Nina Belikova,,SIL OFL 1.1,"https://font.nina.coffee/
https://gitlab.com/nefertiti/lotion-dist",,,,,,,,,,,,
LTC Remington Typewriter,CLASSIC,,$,,,,,,,,,,,,,http://new.myfonts.com/fonts/lanston/ltc-remington-typewriter/,,,"paid, classic traditional typewriter font",
Lucida Console,,CODING,,,,,,"https://docs.microsoft.com/en-us/typography/font-list/lucida-console
https://lucidafonts.com/",,,https://en.wikipedia.org/wiki/Lucida,,,,,,,,,
Lucida Typewriter Bitmap Fonts,,,,,,,,"https://gitlab.freedesktop.org/xorg/font/bh-lucidatypewriter-75dpi
https://gitlab.freedesktop.org/xorg/font/bh-lucidatypewriter-100dpi",,,,,,,,,,,bitmap,
Lucida Typewriter,,,,,,,,https://lucidafonts.com/,,,https://en.wikipedia.org/wiki/Lucida,,,,,,,,,
Lucida Typewriter EF,,,$,,,,,https://lucidafonts.com/,,,https://en.wikipedia.org/wiki/Lucida,,,,,https://www.myfonts.com/fonts/ef/lucida-typewriter/,,,,
Lucida Sans Typewriter,,,,,,,,"https://docs.microsoft.com/en-us/typography/font-list/lucida-sans-typewriter
https://lucidafonts.com/",,,https://en.wikipedia.org/wiki/Lucida,,,,,,,,coding-focused,
Luculent,,,,,,,,http://eastfarthing.com/luculent/,,,,,,,,,,,coding-focused,
Lunchtime Doubly So!,BITMAP,,,,,,,http://zone38.net/font/,,,,,,,,,,,,
Luxi Mono,,,,,,,,"https://gitlab.freedesktop.org/xorg/font/bh-type1
https://gitlab.freedesktop.org/xorg/font/bh-ttf",,,https://en.wikipedia.org/wiki/Luxi_fonts,,,,https://www.fontsquirrel.com/fonts/luxi-mono,,,,,
M+ 1m,,CODING,,,,,,https://mplus-fonts.osdn.jp/about-en.html,,,,,,,,,,,coding-focused,
M+ 1mn,,CODING,,,,,,https://mplus-fonts.osdn.jp/about-en.html,,,,,,,,,,,coding-focused,
M+ 2m,,CODING,,,,,,https://mplus-fonts.osdn.jp/about-en.html,,,,,,,,,,,coding-focused,
Maison Mono,,,,,,,,https://www.milieugrotesque.com/specimen/maison/,,,,,,,,,,,,
Maison Neue Mono,,,,,,,,https://www.milieugrotesque.com/specimen/maison-neue/,,,,,,,,,,,,
Major Mono Display,,,,,,,,,,,,,,,,,,,,
Manaspace,BITMAP,,,,,,,http://zone38.net/font/,,,,,,,,,,,,
Marista,,,$,,,,,,,,,,,,,https://www.myfonts.com/fonts/zephyris/marista/,,"inspired by classic cursive faces
one weight is free
",,
Menlo,DEJA VU,CODING,,,,,,,,,https://en.wikipedia.org/wiki/Menlo_(typeface),,,,,,,,fork of Bitstream Vera / Deja Vu Sans Mono,"{""fork of"":""Deja Vu Sans Mono""}"
Mensch,,,,,,,,http://robey.lag.net/2010/06/21/mensch-font.html,,,,,,,,,,,coding-focused,
Meslo LG,,,,,,,,https://localfonts.eu/freefonts/programming-fonts/meslo-lg-m/,,https://github.com/andreberg/Meslo-Font,,,,,,,"Meslo LG is a customized version of Apple's Menlo font
that adds additional line spacing and alters the
vertical alignment of the asterisk.
",,"coding-focused, fork of Bitstream Vera / Deja Vu Sans Mono","{""fork of"":""Menlo, itself a fork of Deja Vu Sans Mono, in turn a fork of Bitstream Vera Sans Mono""}"
Metrickal,,,,,,,,,,https://github.com/robey/metrickal-typeface,,,,,,,,,,
Meyrin CERN,,,,,,,,,,https://github.com/optional-is/Meyrin,,,,,,,,,,
Mingray Mono,,,$,,Rekord,,,,,,,,,,,https://www.myfonts.com/fonts/rekord/mingray-mono/,,,,
Mitigate,,,$,,,,,,,,,,,,,https://www.myfonts.com/fonts/typodermic/mitigate/,,,,
Modd,,,,,,,,http://nikolas.us.to/jmkfonts/,,https://github.com/nikolas/jmk-x11-fonts,,,,,,,,,,"{""see also"":""Neep""}"
Monaco,,CODING,,,,,,ftp://ftp.apple.com/developer/Tool_Chest/Core_Mac_OS_Tools/MPW_etc./Miscellaneous/MPW_Font.sit.hqx,,,http://en.wikipedia.org/wiki/Monaco_(typeface),,,,,,,,,
Monaspace,,CODING,,,Github,,SIL OFL 1.1,https://monaspace.githubnext.com/,,https://github.com/githubnext/monaspace,,,,y,,,,,,"A superfamily of code typefaces consisting of neogrotesque sans, humanist sans, slab serif, handwriting, and mechanical sans options."
Mono,,,,,,Lineto,,https://lineto.com/typefaces/mono,,,,,,,,,,,paid,
Mono Condensed,,,$,,ParaType,,,,,,,,,,,https://www.myfonts.com/fonts/paratype/mono-condensed/,,,,
Mono LH,,,,,,,,https://www.ffonts.net/Mono-LH.font,,,,,,,,,,,,
Mono Spatial,,,,,,,,,,,,,,,https://www.dafont.com/mono-spatial.font,,,,,
Monocto,,,$,,,,,,,,,,,,,https://www.myfonts.com/fonts/lafonts/monocto/,,,,
Monoela,,,$,,,,,,,,,,,,,https://www.myfonts.com/fonts/interfont/monoela/,,,,
Monofur,,,,,,,,,,,,,,,https://www.dafont.com/monofur.font,,,,,
Monoid,,,,,,,,https://larsenwork.com/monoid/,,,,,,,,,,,"ligatures, coding-focused",
Monoist,,,,,,,,https://hanken.co/products/monoist,,,,,,,,,,,,
MonoLisa,,,$,,"Marcus Sterz, Andrey Okonetchnikov, Juho Vepsäläinen",,,https://monolisa.dev/,,,,,,,,personal edition $59; professional edition $279,,,coding focused,
Mononoki,,,,,,,,http://madmalik.github.io/mononoki/,,https://github.com/madmalik/mononoki,,,,,,,,,coding-focused,
MonoOne,,,,,,,,,,https://github.com/zlsa/monoOne,,,,,,,"Predecessor to Mononoki
",,free,
Monospace,,,,,,,,https://www.fontspace.com/monospace-font-f13274,,,https://en.wikipedia.org/wiki/Monospace_(typeface),,,,,,,,,
Monospace 821,,,$,,,,,https://www.fonts.com/font/bitstream/monospace-821,,,,,,,,https://www.myfonts.com/fonts/bitstream/monospace-821/; https://www.linotype.com/1085320/monospace-821-family.html,,,"paid, monospace variant of a proportional font",
MonosapceTypewriter,,,,,,,,,,,,,,,https://www.fontsquirrel.com/fonts/MonospaceTypewriter,,,,,
Monosten,,,,,,,,https://www.colophon-foundry.org/typefaces/monosten/,,,,,,,,,,,,
Monostep,,,$,,YOKKMOKK,,,,,,,,,,,https://www.myfonts.com/fonts/yokkmokk/monostep/,,,,
Monotype Typewriter,,,,,,,,"https://www.fonts.com/font/monotype/typewriter
https://catalog.monotype.com/family/monotype/typewriter",,,,,,,,,,"Regular, Elite, and Gothic
",classic,
Monotype Typewriter Elite,,,,,,,,https://www.fonts.com/font/monotype/typewriter/elite,,,,,,,,,,,,
Monte Carlo,,,,,,,,http://www.bok.net/MonteCarlo/,,,,,,,,,,,,
More Perfect DOS VGA,,,,,,,,http://laemeur.sdf.org/fonts/,,,,,,,,,,,,
MS Gothic,,,,,,,,,,,,,https://charlesleifer.com/blog/monospace-font-favorites/,,,,,,,
MS Mincho,,,,,,,,,,,,,http://www.lowing.org/fonts/,,,,,,,
MVB Fantabular,,,$,,,,,,,,,,,,,https://www.myfonts.com/fonts/mvbfonts/mvb-fantabular/,,,,
MVB Fantabular Sans,,,$,,,,,,,,,,,,,https://www.myfonts.com/fonts/mvbfonts/mvb-fantabular-sans/,,,,
Name Mono,,,$,,,Future Fonts,,https://www.futurefonts.xyz/arrowtype/name-mono,,,,,,,,,,,,
Nanum Gothic Coding (Korean),,,,,,,,"http://dev.naver.com/projects/nanumfont/
https://www.freekoreanfont.com/nanum-gothic-coding-free-download/",,,,,,,,,,,coding-focused,
Native,,,,,Fort Foundry,,,https://fortfoundry.com/pages/native,,,,,,,,,,,,
NB Architekt,,,$,,,Neubau,,"https://neubauberlin.com/project/nb-architekt-otf-std/
https://neubauladen.com/product/nb-architekt-edition/",,,,,,,,y,,,,"{""udpated"":""2020-03-31""}"
NB Typewriter,,,$,,,Neubau,,https://neubauladen.com/product/nb-typewriter-pro-edition/,,,,,,,,y,,,,
Necto Mono,,,,,,,OFL,https://www.collletttivo.it/typefaces/necto-mono,,https://usemodify.com/fonts/necto-mono/,,,,,,,,,,
Neep,,,,,Jim Knoble,,GPL2,http://nikolas.us.to/jmkfonts/,,https://github.com/nikolas/jmk-x11-fonts,,,,,,,,,"coding focused, bitmap font",
New Heterodox Mono,,CODING,,,Hao Chi Kiang,,OFL,,,https://github.com/hckiang/font-new-heterodox-mono,,,,,,,a Didone-esque monospace typeface based on Old Standard TT,,,
Nice Weekend,,,,,,GarageFonts,,,,,,,,,,,,,,
Nimbus Mono L (URW),COURIER,,,,,URW++,,https://git.ghostscript.com/?p=urw-core35-fonts.git;a=summary,,,https://en.wikipedia.org/wiki/Nimbus_Mono_L,,,,https://www.fontsquirrel.com/fonts/nimbus-mono,,,,implementation of Courier,
Nitti,,,,,,,,https://www.boldmonday.com/typeface/nitti/,,,,,,,,,,,paid,
NK57 Monospace,,,,,,,,https://localfonts.eu/freefonts/traditional-cyrillic-free-fonts/nk57-monospace/,,,,,,,,,,,,
Normafixed,,,,,,,,,,,,,http://www.cfcl.com/vlb/h/fontmono.html,,,,,,,
NotCourierSans,,,,,,,GPL,https://usemodify.com/fonts/not-courrier-sans/,,,,,,http://openfontlibrary.org/en/font/notcouriersans,https://www.fontsquirrel.com/fonts/notcouriersans,,,,,
Noto Mono,,,,,,,,https://www.google.com/get/noto/,,,,,,,,,,,,"{""based on"":""Droid Sans Mono""}"
Nova Mono,,,,,,,,,,,,https://fonts.google.com/specimen/Nova+Mono,,,,,,,coding-focused,
NuSans Mono,,,,,,,,,,,,,http://www.cfcl.com/vlb/h/fontmono.html,,,,,,,
Occupy Monospace,,,,,,,,,,,,,,,,,,,,
OCR-A,,,$,,,American Type Founders,,https://osdn.net/projects/tsukurimashou/releases/56948,,,https://en.wikipedia.org/wiki/OCR-A,,,,,https://typekit.com/fonts/ocr-a,,"Many free implementations are available; see the Wikipedia article.
",classic monospace font,"{""standardized"":[""ANSI X3.17-1981"",""ISO 1073-1:1976"",""DIN 66008""]}"
OCR-B,,,$,,Adrian Frutiger,,,https://osdn.net/projects/tsukurimashou/releases/56948,,,https://en.wikipedia.org/wiki/OCR-B,,,,,https://typekit.com/fonts/ocr-b,,,classic monospace font,"{""standards"":[""ISO 1073-2:1976 (E)""]}"
OCRJ,,,$,,Test Pilot Collective,,,,,,,,,,,https://www.myfonts.com/fonts/testpilot/ocrj/,,,,
Odisseia,,,$,,,,,,,,,,,,,https://www.myfonts.com/fonts/niramekko/odisseia/,,,,
Office Code Pro,,,,,,,,,,https://github.com/nathco/Office-Code-Pro,,,,,,,,"includes changes \""made specifically for text editors and coding environments\""
","open source, fork of Source Code Pro, coding-focused",
Oloron Program,,,,,,,,http://www.fontmenu.com/site/_program.html,,,,,,,,,,"Punctuation characters are bold.
",ugly,
Olympiad,,,,,,,,https://int10h.org/blog/2016/03/olympiad-ibm-prototype-fonts-unearthed/,,,,,,,,,,,,"{""author"":""VileR""}"
Onuava,,,,,,,,,,,,,http://www.cfcl.com/vlb/h/fontmono.html,,,,,,,
OpenDyslexic,,,,,,,,https://opendyslexic.org/,,,https://en.wikipedia.org/wiki/OpenDyslexic,,,,,,,,programmer/coder oriented font?,
OpenGenera fonts,,,,,,,,https://archive.org/download/SymblicsOpenGenera,,https://github.com/minombreesjeff/LISP_machines/tree/master/opengenera2/sys.sct/x11/fonts/bdf/genera,,,,,,,,"Extract the contents of `opengenera2.tar.bz2`.
The `sys.sct/x11/fonts/bdf/genera` directory contains a bunch
of BDF fonts.

cptfont.bdf is pretty much this font:
https://github.com/unjordy/LispM-Font

List of fonts (not all are monospace):

- 13fgb.bdf.~3~*
- 16fg.bdf.~3~*
- 18fg.bdf.~3~*
- 20vr.bdf.~3~*
- 25fr3.bdf.~3~*
- 31vr.bdf.~3~*
- 40vr.bdf.~3~*
- 40vshd.bdf.~3~*
- 43vxms.bdf.~3~*
- 5x5.bdf.~3~*
- 5x5b.bdf.~3~*
- 5x5br.bdf.~3~*
- 5x5r.bdf.~3~*
- abacus.bdf.~3~*
- apl14.bdf.~3~*
- arr10.bdf.~3~*
- arrow.bdf.~3~*
- arrows10.bdf.~3~*
- bigfnt.bdf.~3~*
- bigfntb.bdf.~3~*
- bigfntbi.bdf.~3~*
- bigfnti.bdf.~3~*
- bigvg.bdf.~3~*
- blkf10.bdf.~3~*
- boxfont.bdf.~3~*
- cha.bdf.~3~*
- chas.bdf.~3~*
- clar.bdf.~3~*
- clar12.bdf.~3~*
- clar14.bdf.~3~*
- clarb.bdf.~3~*
- clre14.bdf.~3~*
- cpt-cm10.bdf.~3~*
- cpt-cm12.bdf.~3~*
- cpt-hl10.bdf.~3~*
- cpt-tr10i.bdf.~3~*
- cptfont.bdf.~3~*
- cptfontb.bdf.~3~*
- cptfontbi.bdf.~3~*
- cptfontc.bdf.~3~*
- cptfontcb.bdf.~3~*
- cptfontcc.bdf.~3~*
- cptfonti-german.bdf.~3~*
- cptfonti.bdf.~3~*
- cptfontr.bdf.~3~*
- cptfrak.bdf.~3~*
- cyr12.bdf.~3~*
- cyrillic8.bdf.~3~*
- dutch14.bdf.~3~*
- dutch14b.bdf.~3~*
- dutch14bi.bdf.~3~*
- dutch14i.bdf.~3~*
- dutch20.bdf.~3~*
- dutch20b.bdf.~3~*
- dutch20bi.bdf.~3~*
- dutch20i.bdf.~3~*
- edsymbol12.bdf.~3~*
- einy4.bdf.~3~*
- einy5.bdf.~3~*
- einy6.bdf.~3~*
- einy7.bdf.~3~*
- einy8.bdf.~3~*
- eurex12i.bdf.~3~*
- eurex21i.bdf.~4~*
- eurex24i.bdf.~4~*
- gach10.bdf.~3~*
- gach10b.bdf.~3~*
- gach10r.bdf.~3~*
- gach12.bdf.~3~*
- gach12r.bdf.~3~*
- gacha10.bdf.~3~*
- gacha12.bdf.~3~*
- gacha14.bdf.~3~*
- gacha8.bdf.~3~*
- gates.bdf.~3~*
- gates3.bdf.~3~*
- gats3a.bdf.~3~*
- german-cptfont.bdf.~3~*
- german-cptfonti.bdf.~3~*
- german-fix8.bdf.~3~*
- hand.bdf.~3~*
- hebrew12.bdf.~3~*
- hebrew8.bdf.~3~*
- helvetica10.bdf.~3~*
- helvetica10b.bdf.~3~*
- helvetica12.bdf.~3~*
- helvetica12b.bdf.~3~*
- helvetica14.bdf.~3~*
- helvetica18.bdf.~3~*
- helvetica18b.bdf.~3~*
- helvetica8.bdf.~3~*
- helvetica9.bdf.~3~*
- hipo10.bdf.~3~*
- hippo10.bdf.~3~*
- hippo12.bdf.~3~*
- hippo18.bdf.~3~*
- hippo8.bdf.~3~*
- hl10.bdf.~3~*
- hl10b.bdf.~3~*
- hl10bi.bdf.~3~*
- hl10i.bdf.~3~*
- hl12.bdf.~3~*
- hl12b.bdf.~3~*
- hl12b1.bdf.~3~*
- hl12bi.bdf.~3~*
- hl12br.bdf.~3~*
- hl12i.bdf.~3~*
- hl14.bdf.~3~*
- hl14b.bdf.~3~*
- hl14bi.bdf.~3~*
- hl14i.bdf.~3~*
- hl18.bdf.~3~*
- hl18b.bdf.~3~*
- hl18bi.bdf.~3~*
- hl18i.bdf.~3~*
- hl18r.bdf.~3~*
- hl6.bdf.~3~*
- hl7.bdf.~3~*
- hl7b.bdf.~3~*
- hl7bi.bdf.~3~*
- hl7i.bdf.~3~*
- hl8.bdf.~3~*
- hl8b.bdf.~3~*
- hl8bi.bdf.~3~*
- hl8i.bdf.~3~*
- jess11.bdf.~3~*
- jess11b.bdf.~3~*
- jess11bi.bdf.~3~*
- jess11i.bdf.~3~*
- jess13.bdf.~3~*
- jess13b.bdf.~3~*
- jess13i.bdf.~3~*
- jess14.bdf.~3~*
- jess14b.bdf.~3~*
- jess14gb.bdf.~3~*
- jess14i.bdf.~3~*
- jessf13.bdf.~3~*
- key-test-mouse.bdf.~3~*
- lub14.bdf.~3~*
- mastr.bdf.~3~*
- mat10a.bdf.~3~*
- math10.bdf.~3~*
- math12.bdf.~3~*
- math16.bdf.~3~*
- medfnb.bdf.~3~*
- medfnt.bdf.~3~*
- medfntb.bdf.~3~*
- medfntbi.bdf.~3~*
- medfnti.bdf.~3~*
- mets.bdf.~3~*
- metsi.bdf.~3~*
- mona33.bdf.~3~*
- mona66.bdf.~3~*
- mouse.bdf.~3~*
- musc10.bdf.~3~*
- narrow.bdf.~3~*
- newfnt.bdf.~3~*
- oeng25.bdf.~3~*
- oeng50.bdf.~3~*
- pignose8.bdf.~3~*
- plnk16.bdf.~3~*
- prt12b.bdf.~3~*
- s30chs.bdf.~3~*
- s35ger.bdf.~3~*
- sail12.bdf.~3~*
- scrawl.bdf.~3~*
- ship.bdf.~3~*
- sigma20.bdf.~3~*
- smt10.bdf.~3~*
- smt10a.bdf.~3~*
- smt14.bdf.~3~*
- st10.bdf.~3~*
- st6.bdf.~3~*
- st8.bdf.~3~*
- stipple.bdf.~3~*
- swiss12-ccaps.bdf.~3~*
- swiss12b-ccaps.bdf.~3~*
- swiss20.bdf.~3~*
- swiss20b.bdf.~3~*
- swiss20bi.bdf.~3~*
- swiss20i.bdf.~3~*
- symbol10.bdf.~3~*
- symbol12.bdf.~3~*
- symbolics50.bdf.~3~*
- tally.bdf.~3~*
- template64.bdf.~3~*
- timesroman10.bdf.~3~*
- timesroman12.bdf.~3~*
- timesroman12e.bdf.~3~*
- timesroman14.bdf.~3~*
- timesroman18.bdf.~3~*
- tiny.bdf.~3~*
- tnto14.bdf.~3~*
- tntob.bdf.~3~*
- tog.bdf.~3~*
- tonto.bdf.~3~*
- tr10.bdf.~3~*
- tr10b.bdf.~3~*
- tr10bi.bdf.~3~*
- tr10i.bdf.~3~*
- tr12.bdf.~3~*
- tr12b.bdf.~3~*
- tr12b1.bdf.~3~*
- tr12bi.bdf.~3~*
- tr12br.bdf.~3~*
- tr12i.bdf.~3~*
- tr14.bdf.~3~*
- tr14b.bdf.~3~*
- tr14i.bdf.~3~*
- tr18.bdf.~3~*
- tr18b.bdf.~3~*
- tr8.bdf.~3~*
- tr8b.bdf.~3~*
- tr8bi.bdf.~3~*
- tr8i.bdf.~3~*
- tr9.bdf.~3~*
- tvfont.bdf.~3~*
- tvfontb.bdf.~3~*
- tvfontbi.bdf.~3~*
- tvfontbr.bdf.~3~*
- tvfontcb.bdf.~3~*
- tvfonti.bdf.~3~*
- tvfontr.bdf.~3~*
- vt100.bdf.~3~*
",,
Operator Mono,,,,,,,,http://www.typography.com/fonts/operator/overview/,,,,,,,,,,,paid,
OPS Cubic,,,$,,,Our Polite Society,,,,,,,,,,http://www.ourpolitesocietytype.net/fonts/ops-cubic/,,,,
OPS Favorite,,,$,,,Our Polite Society,,,,,,,,,,http://www.ourpolitesocietytype.net/fonts/ops-favorite/,,,,
OPS Placard,,,$,,,Our Polite Society,,,,,,,,,,http://www.ourpolitesocietytype.net/fonts/ops-placard/,,,,
Opti,,,,,,,,https://proggyfonts.net/proggy-opti/,,,,,,,,,,,,"{""see also"":""Proggy""}"
Orator,CLASSIC,,$,,,,,,,,,,,,,https://www.myfonts.com/fonts/adobe/orator/,,,classic typewriter font,
Osaka Regular-Mono,,,,,,,,,,,,,http://www.cfcl.com/vlb/h/fontmono.html,,,,,"(comes with macOS)
",,
Overpass Mono,,,,,,,,http://overpassfont.org,,https://github.com/RedHatBrand/Overpass,,,,,,,,,coding-focused,
Oxygen Mono,,,,,Vernon Adams,,,http://www.google.com/fonts/specimen/Oxygen+Mono,,https://github.com/vernnobile/oxygenFont,,,,,http://www.fontsquirrel.com/fonts/oxygen-mono,,,,"free, coding-focused",
Panama Monospace,,,$,,,The Temporary State,,https://type.tmpstate.net/preview/Panama/Monospace%20Regular/try/,,,,,,,,,,,,
Pandora Single Pitch,,,,https://tug.org/FontCatalogue/pandorasinglepitch/,,,,https://www.ctan.org/tex-archive/fonts/pandora/,,,,,,,,,,,,
Panic Sans,,,,,,,,,,https://github.com/chrissimpkins/codeface/tree/master/fonts/panic-sans,,,,,,,,,,
Parse Grotesk Mono,,,$,,,Archetype Foundry,,https://archetype-foundry.com/,,,,,,,,https://archetype-foundry.com/,,formerly known as Dita Grotesk Mono,,
PCMyungjo,,,,,,,,,,,,,,,,,,"(comes with MacOS)
",,
Perfect DOS VGA 437,,,,,,,,,,,,,,,https://www.dafont.com/perfect-dos-vga-437.font,,,,,
Pet Me,BITMAP,,,,Rebecca Bettencourt,,,http://www.kreativekorp.com/software/fonts/c64.shtml,,,,,,,,,,"Commodore PET/64 fonts
",free,
PF Din Mono,,,$,,,,,,,,,,,,,https://www.myfonts.com/fonts/parachute/pf-din-mono/,,,,
PF Typeroom Mono,,,,,,,,,in use on https://www.typeroom.eu/,,,,,,?,?,,,,
Pico,BITMAP,,,,,,,https://www.lexaloffle.com/bbs/?tid=3760,,,,,,,,,,,,
Pitch,CLASSIC-LIKE,,$,,,,,https://klim.co.nz/retail-fonts/pitch/,,,,,,,,https://klim.co.nz/buy/pitch/,,,"paid, classic typewriter font",
Pixel Carnage,,,,,,,,https://proggyfonts.net/pixel-carnage/,,,,,,,https://www.dafont.com/pixelcarnage.d870,,,,dot matrix,
PixSymbols Courex,,,$,,,,,,,,,,,,,http://www.myfonts.com/fonts/pixymbols/courex/,,,,
Platelet,,,,,,,,,,,,,http://www.cfcl.com/vlb/h/fontmono.html,,,,,,,
Plotter Mono,,,$,,,,,https://www.typotheque.com/fonts/plotter_mono,,,,,,,,y,"Plotter is a massive type family that explores the world of
technical drawings and architectural plans. Each subfamily
reflects the characteristics of the various tools that inspired
the project, tools from an age when technical diagrams were
drawn and lettered by hand, and draftsmen needed a simple,
efficient way to produce legible text that met established
norms. Plotter has the simplified monolinear strokes with round
terminals produced by technical pens, its letters reduced to
their most basic stencilform elements: stems, arms, curves and
diagonals.
",,,
Pointfree,COMIC SANS,,,,,,,,,,,,,,http://www.dafont.com/pointfree.font,,,,if you like Comic Sans,
Polli Sans Mono,,,$,,Will Albin-Clark,,,,,,,,https://www.reddit.com/r/typography/comments/hbm95l/polli_sans_polli_mono_free_sans_serif_typeface/,,,https://www.myfonts.com/fonts/will-albin-clark/polli-sans/,"Polli Sans is a sans serif geometric font, designed with both
proportional and fixed-width styles in mind.

Polli is great for large scale display purposes and small scale
copy. The proportional’s curvy form makes it super useful for
title type, and the detailed technical fixed-width sub-family is
perfect for any informative body of text.

Polli is designed as an homage to common type practices of the
early 21st centric corporate America. Borrowing from friendly
styles you’ve seen before but with contemporary challenging
elements.
",,,
Powerline Fonts,,CODING,,,,,,,,https://github.com/powerline/fonts,,,,,,,,,coding-focused,
PR Number 3,BITMAP,,,,Rebecca Bettencourt,,,http://www.kreativekorp.com/software/fonts/apple2.shtml,,,,,,,,,,"Apple II font
",free,
Print Char 21,BITMAP,CODING,,,Rebecca Bettencourt,,,http://www.kreativekorp.com/software/fonts/apple2.shtml,,,,,,,,,,"Apple II font
",free,
Pragmata and Pragmata Pro,,CODING,,,,,,http://www.fsd.it/fonts/pragma.htm,,,,,,,,,,,"coding-focused, ligatures (Pragmata Pro)",
Essential PragmataPro,,CODING,$,,,,,,,,,,,,,https://www.myfonts.com/fonts/fsd/pragmata-pro/,,,coding-focused,
Press Start,BITMAP,,,,,,,http://zone38.net/font/,,,,,,,,,,,,
Press Start 2P,BITMAP,,,,,,,http://zone38.net/font/,,,,https://fonts.google.com/specimen/Press+Start+2P,,https://fontlibrary.org/en/font/press-start-2p,,,,,,
Press Start K,BITMAP,,,,,,,http://zone38.net/font/,,,,,,,,,,,,
Prestige (Elite),CLASSIC,,$,,Clayton Smith,,,,,,https://en.wikipedia.org/wiki/Prestige_Elite,,,,,"http://www.myfonts.com/fonts/urw/prestige-elite/
http://www.myfonts.com/fonts/adobe/prestige-elite/",,,"paid, classic typewriter font",
Print Out,,,,,,,,"http://www.cs.princeton.edu/~bwk/202/summer.reconstructed.pdf
http://www.cs.princeton.edu/~bwk/202/",,,,,,,,,,"Shipped with the Linotron 202
based on Excelsior
Reconstructed in a reconstruction of the Bell Labs Vacation memo
",,
Profont,,,,,,,,http://tobiasjung.name/profont/,,,,,,,,,,,coding-focused,
Proggy,,,,,,,,http://www.proggyfonts.net/,,,,,,,,,,,,
Proggy Clean,,,,,,,,http://www.proggyfonts.net/,,,,,,,,,,,coding-focused,
Proggy Square,,,,,,,,http://www.proggyfonts.net/,,,,,,,,,,,,
Proggy Small,,,,,,,,http://www.proggyfonts.net/,,,,,,,,,,,,
Proggy Tiny,,,,,,,,http://www.proggyfonts.net/,,,,,,,,,,,,
Proggy Vector,,,,,,,,http://www.proggyfonts.net/,,,,,,,,,,,coding-focused,
PT Mono,,,,,,,,"http://paratype.com/public/
http://www.google.com/fonts/specimen/PT+Mono",,,,,,,http://www.fontsquirrel.com/fonts/pt-mono,,,,coding-focused,
PTL Notes Tec Mono,,,,,"Ole Sch{""a}fer",primetype,,,,,,,,,,https://www.fontshop.com/families/ptl-notes-tec-mono,,,,
The Ultimate Oldschool PC Font Pack (PX Plus family),BITMAP,CODING,,,,,CC BY-SA 4.0,http://int10h.org/oldschool-pc-fonts/,,,,,,,,,"The world's biggest collection of classic text mode fonts,
system fonts and BIOS fonts from DOS-era IBM PCs and compatibles
- preserving raster typography from pre-GUI times

You may have seen the term ""PxPlus"" bandied about.  It's one
of the variants of these fonts, a more popular one.
",,,"{""author"":""VileR""}"
Quadraat Sans Mono,,,$,,,,,https://www.typeby.com/fonts/quadraat-sans-mono,,,,,,,,https://www.typeby.com/fonts/quadraat-sans-mono,,,,
QuickType Mono,,,,,,,,,,,,,http://www.cfcl.com/vlb/h/fontmono.html,,,,,,,
Quinze,,,,,,,,,,,,,,https://fontlibrary.org/en/font/quinze,,,,,coding-focused,"{""see also"":""Fifteen""}"
Raize,,,,,,,,http://www.raize.com/devtools/tools/rzfont.asp,,,,,http://www.lowing.org/fonts/,,,,,,,
Range Mono,,,$,,,,,,,,,,,,,https://www.myfonts.com/fonts/griffin-moore/range-mono/,,,,
Rational TW,,,$,,,,,,,,,,,,,https://www.myfonts.com/fonts/rene-bieder/rational-tw/,,,,
Rebel,,,,https://www.fontshop.com/families/rebel,Pieter van Rosmalen,GarageFonts,,,,,,,,,,https://www.fontshop.com/families/rebel,,,,
Recursive Mono,,,,,,Arrow Type,SIL OFL 1.1,https://www.recursive.design/,,https://github.com/arrowtype/recursive,,,,,,,"Recursive Mono & Sans is a variable font family for code & UI
(work in progress!)
",,,
Recursive Mono Affine,,,,,Idan Gazit,,OFL,,,https://github.com/idan/recursiveMonoAffine,,,,,,,idan's custom build of Recursive Mono,,,
Relative Mono,,,,,,,,https://www.colophon-foundry.org/typefaces/relative/,,,,,,,,,,,,
Relaxed Typing Mono JP,,,,,Shioda Masaharu,,,,,https://github.com/mshioda/relaxed-typing-mono-jp,,,,,,,A derivative of Source Code Pro and Noto Sans JP,,,
Replica Mono,,,,,,Lineto,,https://lineto.com/typefaces/replica-mono,,,,,,,,,,,paid,
Resolution,,,$,,,,,,,,,,,,,https://www.myfonts.com/fonts/emil-kozole/resolution/,,,,
retro fonts,BITMAP,,,,,,,http://www.modelb.bbcmicro.com/retro-fonts.html,,,,,,,,,,,,basis for Atari ST font
RF Rostin,,,$,,,,,,,,,,,,,https://www.myfonts.com/fonts/russian-fonts/rf-rostin/,,,,
Roboto Mono,,,,,,,,,,,,https://fonts.google.com/specimen/Roboto+Mono,,,,,,,"coding-focused, monospace variant of a proportional font",
romfont,,,,,,,,,,https://github.com/spacerace/romfont,,,,,,,"I have diassembled and/or searched BIOS and VGA-ROMs for fonts
and extracted these. Also I have written a few tools to support
this job. All extracted fonts and screenshots are available
here. I have written a big table to show what is covered. Also
had a look and wrote about fonts of open source BIOSes/source
available.
",,bitmap fonts,"{""author"":""Stec Dose""}"
Rubik Mono One,,,,,,,,,,,,https://fonts.google.com/specimen/Rubik+Mono+One,,,,,,,,
RX100,,,,,,Indian Type Foundry,ITF EULA https://www.fontshare.com/terms,https://www.fontshare.com/fonts/rx-100,,,,,,,y,,,,,
Sabir Mono,,,,,,,,https://localfonts.eu/freefonts/traditional-cyrillic-free-fonts/sabir-mono/,,,,,,,,,,,,
Sarasa Gothic,,,,,,,,,,https://github.com/be5invis/Sarasa-Gothic,,,,,,,,"CJK programming font based on Iosevka and Source Han Sans
",,
"SaxMono (\""Tile\"")",,,,,,,,,,,,,,,https://www.fontsquirrel.com/fonts/saxMono,,,,classic typewriter font,
Sauna Mono Pro,,,$,,,,,,,,,,,,,https://www.myfonts.com/fonts/underware/sauna-mono-pro/,,,neato,
Schumaker Misc,,,,,,,,https://gitlab.freedesktop.org/xorg/font/schumacher-misc,,,,,,,,,,,bitmap,
Screenwriter\'s Typewriter Fonts Pro,CLASSIC,,,,,,,"http://www.vintagetype.com/screenwriters/
http://luc.devroye.org/fonts-27181.html
http://web.archive.org/web/20160207162012/http://vintagetype.com/Vintage_Type.html
http://web.archive.org/web/20150909202226/http://www.vintagetype.com/Vintage_Type_-_Pro_Typewriter_Fonts.html",,,,,,,,,,"Vintage Type Foundary was Susan Townsend and Mark Alan Thomas.
Its web site was http://www.vintagetype.com/ but it's domain parked now.
Mark's web site was http://www.markalanthomas.com/ but that's domain parked too.
His Flickr is at https://www.flickr.com/people/markalanthomas/
He had a squarespace at http://maralatho.squarespace.com/
Email address was/is vintype@gmail.com vintagetype@mac.com

List of Fonts:
  - VTScreenplay Remington
  - VTScreenplay Oliver
  - VTScreenplay Smith
  - VTScreenplay Underwood

[1] https://www.literatureandlatte.com/forum/viewtopic.php?t=41122&start=45
","paid, classic traditional typewriter font",
Script 12 Pitch,CLASSIC,,$,,,,,,,,,,http://www.cfcl.com/vlb/h/fontmono.html,,,https://www.fontshop.com/families/script-12-pitch,,"(that classic cursive typewriter font)
",classic traditional typewriter font,
Segoe UI Mono,,,$,,,,,https://docs.microsoft.com/en-us/typography/font-list/segoe-ui,,,https://en.wikipedia.org/wiki/Segoe,,,,,https://www.myfonts.com/fonts/ascender/segoe-ui-mono/,,,,
Selectric,,,,,,Indian Summer Studio,,https://usemodify.com/fonts/selectric/,,https://github.com/atelierBek/selectric,,,,,,y,,,classic traditional typewriter font,
SF Mono,,,,,,,,https://developer.apple.com/fonts/,,,https://en.wikipedia.org/wiki/San_Francisco_(sans-serif_typeface),,,,,,,"Monospaced version of San Francisco, Apple\'s corporate system
font.

Comes with Terminal.app and Xcode.app for use with them.

San Francisco is not to be confused with the decorative
\""ransom note\"" bitmap typeface known as \""San Francisco\"" that
was distributed with the original Macintosh.

- Licensed only for creating UI mockups.
","limited license, coding-focused",
SGI Screen,BITMAP,CODING,,,,,,"https://bitbucket.org/tarkasteve/sgi-screen-ttf/src
https://njr.sabi.net/2015/11/01/sgi-screen-fonts-converted-for-os-x/",,,,,,,,,,,,
Share Tech Mono,,,,,,,,,,,,https://fonts.google.com/specimen/Share+Tech+Mono,,,,,,,coding-focused,
Sheldon,,,,,,,,,,,,,http://www.lowing.org/fonts/,,,,,,,
Simple,,,,,,Lineto,,https://lineto.com/typefaces/simple,,,,,,,,,,,paid,
SK Modernist Mono,,,,,,,,http://seankanedesign.com/work/sk-modernist,,,,,,,,,,,coding-focused,
Skurier,,,$,,GRIN3 (Nowak),,,,,,,,,,,https://www.myfonts.com/fonts/nowak/skurier/,,,cute,
Skyhook Mono,,,,,,,,,,,,,,,https://www.fontsquirrel.com/fonts/skyhook-mono,,,,,
Small Type Writing,,,,,,,,,,,,,,,https://www.dafont.com/smalltypewriting-medium.font,,,"(a narrow Courier-like)
",,"{""see also"":""Courier""}"
Smith Premier NF,,,$,,,,,,,,,,,,,http://www.myfonts.com/fonts/nicksfonts/smith-premier-nf/,,,"paid, classic traditional typewriter font",
Sometype Mono,,,,,,,SIL OFL 1.1,http://monospacedfont.com/,,https://github.com/dharmatype/Sometype-Mono,,,,,,,,,coding-focused,
Sono,,,,,,,SIL OFL 1.1,https://usemodify.com/fonts/sono/,,https://github.com/sursly/sono,,,,,,,,,,
Sony Misc,,,,,,,,https://gitlab.freedesktop.org/xorg/font/sony-misc,,,,,,,,,,,bitmap,
Source Code Pro,,,,,,,,,,https://github.com/adobe-fonts/source-code-pro,,,,,,,,,coding-focused,
Space Mono,,,,,,,,,,,,https://fonts.google.com/specimen/Space+Mono,,,,,,,"novelty, ugly as sin, Seriously, if you use this font I will beat you up., I would rather use ITC Souvenir Monospaced.",
Speedy,,,,,,,,https://proggyfonts.net/speedy/,,,,,,,,,,,,"{""see also"":""Proggy""}"
Spleen,BITMAP,,,,,,,https://www.cambus.net/spleen-monospaced-bitmap-fonts/,,https://github.com/fcambus/spleen,,,,,,,,,bitmap,
Spot Mono,,,,,,,,,,,,,,,,,,,,
Squareshooter Mono,,,,,,,,,,,,,http://www.lowing.org/fonts/,,,,,,,
String Literal 437,,,,,,,,"http://fontsgeek.com/fonts/String-Literal-437-Medium
https://www.ffonts.net/String-Literal-437-Medium.font.download",,,,,,,,,,,,
Sudo,,,,,,,,https://www.kutilek.de/sudo-font/,,https://github.com/jenskutilek/sudo-font,,,,,,,,,,
Sun Gallant Demi,,,,,,,,,,https://github.com/illumos/illumos-gate/blob/master/usr/src/uts/common/io/12x22.c,,,,,,,,"Sun's good old Unix workstation console font.
",,
Superstudio,,,,,,Lineto,,https://lineto.com/typefaces/superstudio,,,,,,,,,,,paid,
SV Basic Manual,,,,,,,,,,,,,,,https://www.dafont.com/sv-basic-manual.font,,,,"mildly distressed, line printer",
Sweet16Font,BITMAP,,,,kmar,,Boost Software License,,,https://github.com/kmar/Sweet16Font,,,,,,,,,,
Syne Mono,,,,,,,,,,,,,,,,,,,,
Tabular,,,$,,Indian Type Foundry,,,,,,,,,,,https://www.myfonts.com/fonts/indian-type-foundry/tabular/,,,,
Tamsyn,,,,,,,,"http://www.fial.com/~scott/tamsyn-font/
https://sunaku.github.io/tamsyn-1.7b-font-review.html",,,,,,,,,,,,
Tamsyn-Modified,,,,,,,,,,,,,https://charlesleifer.com/blog/monospace-font-favorites/,,,,,,,
Tamzen,,,,,,,,,,https://github.com/sunaku/tamzen-font,,,,,,,,,,"{""based on"":""tamsyn""}"
Teamhair,,,,,,,,,,,,,http://www.cfcl.com/vlb/h/fontmono.html,,,,,,,
Telegrama,,,,,,,,,,,,,,,https://www.fontsquirrel.com/fonts/telegrama,,,,,
Telegrama Raw,,,,,,,,,,,,,,,https://www.fontsquirrel.com/fonts/Telegrama,,,,dot matrix,
Telegramo,,,$,,Volcano Type,,,,,,,,,,,https://www.myfonts.com/fonts/volcano/telegramo/,,,,
Tenpo,,,,,,,OFL,https://usemodify.com/fonts/toren/,,https://github.com/eliheuer/tenpo,,,,,,,,,,
Terminal/VGA Font,,,,,,,,,,,,,http://www.lowing.org/fonts/,,,,,,,
Terminex,,,,,Vince Salvino,,OFL,https://github.com/vsalvino/terminex,,,,,,,,,A slightly darker version of IBM Plex Mono,,,
Terminus,,,,,,,,"http://terminus-font.sourceforge.net/
https://files.ax86.net/terminus-ttf/",,,,,,,,,,,https://files.ax86.net/terminus-ttf,
Termsyn,,,,,,,,,,,,,https://charlesleifer.com/blog/monospace-font-favorites/,,,,,,,
Tewi,,,,,,,,,,https://github.com/lucy/tewi-font,,,,,,,,,bitmap,
TeX Gyre Cursor,,,,,,,,http://www.gust.org.pl/projects/e-foundry/tex-gyre/cursor/index_html,,,,,,,"https://www.fontsquirrel.com/fonts/tex-gyre-cursor
http://www.fontsquirrel.com/fonts/TeX-Gyre-Cursor",,,"based on URW Nimbus Mono L
",implementation of Courier,
Thermo,,,,,,Lineto,,https://lineto.com/typefaces/thermo,,,,,,,,,,,paid,
TheSansMono,,,$,,"Lucas de Groot, designer of Consolas",,,https://www.lucasfonts.com/fonts/the-sans/mono,,,,,,,,"[""from €45 to €60 for single weights; from €111 to €364 for complete families"",""https://www.lucasfonts.com/fonts/packages/the-sans/mono""]",,,,
TI92PlusPC,,,,,,,,"http://ufonts.com/fonts/ti92pluspc.html
https://web.archive.org/web/20040214132157/http://www.tamuk.edu/math/scott/stars/tutorial.htm",,https://github.com/sterpe/ti92plus,,,,,,,,,,
Tired of Courier,,,$,,Robert Schenk,Ingrimayne Type,,https://www.fonts.com/font/ingrimayne-type/tired-of-courier/volume,,,,,,,,https://www.myfonts.com/fonts/ingrimayne/tiredofcourier/; https://www.linotype.com/316996/tired-of-courier-family.html,,,,
Topaz-8,,,,,,,,,,,,,http://www.lowing.org/fonts/,,,,,,,
Triplicate,PRESTIGE-LIKE,,,,,,,http://practicaltypography.com/triplicate.html,,,,,,,,,,,classic typewriter font,"{""see also"":""Prestige""}"
Triskweline,,,,,,,,,,,,,http://www.cfcl.com/vlb/h/fontmono.html,,,,,,,
Triumph Durabel,,,,,,,,,,,,,,,,,,"According to [1], this is the font that the popular grungy
typewriter font FF Trixie is based on.

[1] https://www.creativebloq.com/typography/best-typewriter-fonts-10135084
",,
TT2020,CLASSIC,,,,,,,https://ctrlcctrlv.github.io/TT2020/docs/,,,,,,,,,,"In response to a few rather obvious examples of poor typewriter
font realism in recent movies, Fredrick Brennan created TT2020.

Styled after early 20th-century typewriter faces, TT2020
includes a clean variant as well as a variety of distressed
variants.  Each variant comes with nine slightly different
variants of each character, from which one is pseudo-randomly
chosen when rendered, adding a degree of realism not likely
hithertofore seen in typewriter fonts.

Another example of a typeface that pseudo-randomly chooses from
a number of variants of each character is Neue, the corporate
font used by The New School <https://www.newschool.edu/>.

TT2020 includes upright and italic variants.
",,
TXTT,,,,https://tug.org/FontCatalogue/txtt/,,,,https://www.ctan.org/tex-archive/fonts/txfonts/,,,,,,,,,,,,
Tye Paloon,,,,,,,,https://www.fontspace.com/font-monkey/tye-paloon,,,,,,,,,,,,
Typewalk Mono 1915,,,$,,Typocalypse,,,,,,,,,,,https://www.myfonts.com/fonts/typocalypse/typewalk-mono-1915/,,,,
Monotype Typewriter,CLASSIC,,,,,Monotype,,,,,,,,,,https://www.fontshop.com/families/monotype-typewriter,,,,
Typewriter Condensed,,,,,,,,https://fontsarena.com/wp-content/uploads/2018/11/typewriter_condensed.zip,,,,,,,https://www.dafont.com/typewriter-condensed.font,,,,,
Ubuntu Monospace,,,,,Dalton Maag,Ubuntu,"[""Ubuntu Font License"",""https://ubuntu.com/legal/font-licence""]",https://design.ubuntu.com/font/,,,,https://fonts.google.com/specimen/Ubuntu+Mono,,,,,,,coding-focused,
Ume Gothic,,,,,,,,http://sourceforge.jp/projects/ume-font/wiki/FrontPage,,,,,,,,,,,,
Ume Mincho,,,,,,,,http://sourceforge.jp/projects/ume-font/wiki/FrontPage,,,,,,,,,,,,
Unica77 Mono,,,,,,Lineto,,https://lineto.com/typefaces/unica77-mono,,,,,,,,,,,paid,
Univers Next Typewriter,,,$,,Adrian Frutiger,Linotype,,,,,,,,,,https://www.myfonts.com/fonts/linotype/univers-next-typewriter/,,,monospace variant of a proportional font,
Unix-originated terminal fonts for Windows,,,,,Christian Lestrade,,,http://christian.lestrade.free.fr/fonts.html,,,,,,,,,,,,
UnixPC,,,,,,,,,,https://github.com/brandon-rhodes/unixpc-font-bdf,,,,,,,,,"free, bdf, bitmap",
Unotype,,,,,,,,,,,,,http://www.cfcl.com/vlb/h/fontmono.html,,,,,,,
UNSCII,,,,,Viznut,,,http://pelulamu.net/unscii/,,,,,,,,,"Unscii is a set of bitmapped Unicode fonts based on classic
system fonts. Unscii attempts to support character cell art well
while also being suitable for terminal and programming use.
",,"{bitmap, dot matrix, terminal} font",
Valentine,,,,,,Lineto,,https://lineto.com/typefaces/valentine,,,,,,,,,,,paid,
VardanPro,,,,,Vardan Pogosian,,OFL,,,https://github.com/varp/VardanPro-Fonts,,,,,,,Custom compiled fonts based on Iosevka.,,,
VCR OSD Mono,,,,,,,,https://www.dafont.com/vcr-osd-mono.font,,,,,,,,,,,,
Verily Serif Mono,,,,,Stephen G. Hartke,,Bitstream Vera Fonts Copyright,http://www.fontsquirrel.com/fonts/Verily-Serif-Mono,,,,,,,https://www.fontsquirrel.com/fonts/verily-serif-mono; https://www.dafont.com/verily-serif-mono.font,,"Verily Serif Mono is derived from Bitstream Vera Serif with the
same proportions as Bitstream Vera Sans Mono. Only the primary
ASCII characters have been modified; I have no plans at the
moment to modify the extended character set or to do a bold
version.
(from the author)
",,,"Stephen G. Hartke, designer of Aurulent Sans Mono"
Victor Mono,,,,,,,,https://rubjo.github.io/victor-mono/,,,,,,,,,,,"ligatures, free",
Vidilex,,,,,,,,,,,,,http://www.cfcl.com/vlb/h/fontmono.html,,,,,,,
Vin Mono Pro,,,,,,Mint Type,,https://www.fontspring.com/fonts/mint-type/vin-mono-pro,,,,,,,,,,,,"{""via"":[""https://fontsarena.com/blog/free-modern-typewriter-fonts/""]}"
Vivala Code,,,$,,Johannes Hoffmann,,,,,,,,,,,https://www.myfonts.com/fonts/johannes-hoffmann/vivala-code/,,,coding-focused,
VLNL TP Kurier Callig Regular,,,$,,,,,,,,,,,,,https://www.myfonts.com/fonts/vetteletters/vlnl-tp-kurier/callig-regular/,,,,
VT323,BITMAP,,,,,,,https://fedoraproject.org/wiki/VT323_Fonts,,,,https://fonts.google.com/specimen/VT323,,,,,,"Based on the font on the DEC VT320.
",terminal font,
WenQuanYi Zen Hei Mono,,,,,,,,http://wenq.org/wqy2/index.cgi?ZenHei%28en%29,,,https://en.wikipedia.org/wiki/WenQuanYi,,,,,,,,,
WenQuanYi Micro Hei Mono,,,,,,,,http://wenq.org/wqy2/index.cgi?MicroHei%28en%29,,,https://en.wikipedia.org/wiki/WenQuanYi,,,,,,,,,
Whois Mono,,,,,,,,,,https://github.com/raphaelbastide/Whois-mono,,,,,,,,,,
WikisourceMono,,,,,,,"[""free""]",,,https://github.com/wikisource/WikisourceMono,,,,,,,,,,"{""fork of"":""DPCustomMono2""}"
Wire Type Mono,,,$,,,,,,,,,,,,,https://www.myfonts.com/fonts/thomas-kaeding/wire-type-mono/,,,,
Wudoo,,,$,,Vishnu Sathyan,,,,,,,,,,,https://www.myfonts.com/fonts/vishnu-sathyan/wudoo/,,,,
X11 Monospace Fonts,,,,,,,,,,https://github.com/dse/x11-monospace-fonts-ttf,,,,,,,,"A work in progress to convert freedesktop/xorg fonts to .ttf
for use in Windows and macOS née OSX.

Including:
  - ""B&H Lucida Typewriter""
  - Misc Fixed (including 6x13 and 10x20)
  - Sony fonts
  - DEC Terminal (VAXstation/DECstation font)
",,
Xanh Mono,,,,,,,,,,,,,,,,,,,,
xnufont,,,,,Akasaka Ryuunosuke,,Apple Public Source License,,,https://github.com/vladkorotnev/xnufont,,,,,,,"The console font from XNU/Darwin (Apple) kernel for Linux console.
",,bitmap font,
Zolan Mono,,,$,,Stuart Sandler,Breaking the Norm,,,,,,,,,,http://www.myfonts.com/fonts/btn/zolan-mono-btn/,,,"novelty, display",